X,CIK,Charter_ID,Date_Coded,Date_Filing,CompanyName,State,FullRestate,EntityType,MultComm,MultCommUnequal,MultPreferred,PreferredVote,PreferredVoteLimited,BlankCheck1,BustBankSHVote,BustBankBoD,ReallocateComPref,UnequalVote,WCterm,WCCond,WCProhibit,SMTerm,SMCond,SMProhibit,StaggeredBd,CumulativeVoting,CharterSupMaj,MergerSupMaj,CorpOppDirector,CorpOppOfficer,CorpOppSH,Directors102b7,Officers102b7,IndemnityDirector,IndemnityOfficer,AdvancementDirector,AdvancementOfficer,InsuranceDirector,InsuranceOfficer
0,1000228,2,195,341,144,4,2,1,1,1,1,1,1,1,1,1,1,1,1,1,1,1,1,1,1,1,3,1,1,1,1,2,1,1,1,1,1,1,1
1,1000228,3,226,130,144,4,2,1,1,1,1,1,1,1,1,1,1,1,1,1,1,1,1,1,1,1,3,1,1,1,1,2,1,1,1,1,1,1,1
2,1000228,4,430,310,144,4,2,1,1,1,1,1,1,1,1,1,1,1,1,1,1,1,1,1,1,1,3,1,1,1,1,2,1,1,1,1,1,1,1
6,1000229,5,452,325,84,22,3,2,1,1,1,1,1,1,1,1,1,1,1,1,1,1,1,1,1,1,1,1,1,1,1,2,1,3,2,4,3,1,1
13,1000697,6,265,166,322,4,2,2,1,1,1,1,1,1,1,1,1,1,1,1,1,1,1,1,1,1,1,1,1,1,1,2,1,1,1,1,1,1,1
14,1000697,7,326,201,322,4,2,2,1,1,1,1,1,1,1,1,1,1,1,1,1,1,1,1,1,1,1,1,1,1,1,2,1,1,1,1,1,1,1
15,1000697,8,348,248,322,4,2,2,1,1,1,1,1,1,1,1,1,1,1,1,1,1,1,1,1,1,1,1,1,1,1,2,1,1,1,1,1,1,1
22,1001082,9,390,356,98,23,2,2,3,2,1,1,1,1,1,1,1,1,1,1,1,1,1,1,1,1,1,1,3,3,2,2,1,1,1,1,1,1,1
40,1002114,10,422,304,233,3,2,2,2,1,3,2,1,3,2,2,2,2,1,1,1,1,1,1,1,1,1,1,1,1,1,2,1,1,1,1,1,1,1
80,1004440,11,484,362,79,14,2,2,1,1,1,1,1,1,1,1,1,1,1,1,1,1,1,1,1,1,1,1,1,1,1,2,1,1,1,1,1,1,1
99,1005757,12,178,94,89,4,2,2,1,1,1,1,1,1,1,1,1,1,1,1,1,1,1,1,3,1,3,1,1,1,1,2,1,1,1,1,1,1,1
146,101063,13,137,15,58,21,2,2,1,1,3,1,1,1,1,1,1,1,1,1,1,1,1,1,1,1,1,1,1,1,1,2,1,1,1,1,1,1,1
147,101063,13,137,15,58,21,2,2,1,1,3,1,1,1,1,1,1,1,1,1,1,1,1,1,1,1,1,1,1,1,1,2,1,1,1,1,1,1,1
148,101063,13,137,15,58,21,2,2,1,1,3,1,1,1,1,1,1,1,1,1,1,1,1,1,1,1,1,1,1,1,1,2,1,1,1,1,1,1,1
149,101063,13,137,15,58,21,2,2,1,1,3,1,1,1,1,1,1,1,1,1,1,1,1,1,1,1,1,1,1,1,1,2,1,1,1,1,1,1,1
150,101063,14,188,99,58,21,2,2,1,1,3,1,1,1,1,1,1,1,1,1,1,1,1,1,1,1,1,1,1,1,1,2,1,1,1,1,1,1,1
211,1015577,15,223,136,67,4,2,2,1,1,1,1,1,1,1,1,1,1,1,1,1,1,1,1,1,1,1,1,1,1,1,2,1,1,1,1,1,1,1
212,1015577,16,271,250,68,4,2,2,1,1,1,1,1,1,1,1,1,1,1,1,1,1,1,1,1,1,1,1,1,1,1,2,1,1,1,1,1,1,1
233,1018003,17,350,239,155,4,2,2,3,1,1,1,1,1,1,1,1,1,1,1,1,1,1,1,3,1,3,1,1,1,1,2,1,1,1,1,1,1,1
234,1018003,18,511,389,155,4,2,2,3,1,1,1,1,1,1,1,1,1,1,1,1,1,1,1,2,1,3,1,1,1,1,2,1,1,1,1,1,1,1
235,1018099,1,365,249,195,4,2,2,1,1,1,1,1,1,1,1,1,1,2,1,1,3,2,2,2,3,3,2,2,2,2,2,1,1,1,1,1,1,1
236,1018099,19,384,268,195,4,2,2,1,1,1,1,1,1,1,1,1,1,2,1,1,3,2,2,2,3,3,2,2,2,2,2,1,1,1,1,1,1,1
272,101984,20,324,447,311,4,2,2,1,1,1,1,1,1,1,1,1,1,1,1,1,1,1,1,1,1,1,1,1,1,1,2,1,1,1,1,1,1,1
343,102379,21,291,281,312,4,2,2,1,1,1,1,1,1,1,1,1,1,1,1,1,1,1,1,1,1,1,1,1,1,1,2,1,1,1,1,1,1,1
344,102379,22,394,278,312,4,2,2,1,1,1,1,1,1,1,1,1,1,1,1,1,1,1,1,1,1,1,1,1,1,1,2,1,1,1,1,1,1,1
345,102379,23,400,289,312,4,2,2,1,1,1,1,1,1,1,1,1,1,1,1,1,1,1,1,1,1,1,1,1,1,1,2,1,1,1,1,1,1,1
413,103379,24,211,122,315,27,2,2,1,1,1,1,1,1,1,1,1,1,1,1,1,1,1,1,1,1,1,1,1,1,1,2,1,1,1,1,1,1,1
442,103730,25,46,5,320,4,2,2,3,1,1,1,1,3,1,1,1,1,1,1,1,1,1,1,1,1,1,1,1,1,1,2,1,1,1,1,1,1,1
483,103973,26,253,151,172,21,2,1,1,1,1,1,1,1,1,1,1,1,1,1,1,1,1,1,1,1,1,1,1,1,1,2,1,1,1,1,1,1,1
495,1040596,27,446,330,59,6,2,2,1,1,1,1,1,1,1,1,1,1,1,1,1,1,1,1,3,1,1,1,1,1,1,2,1,1,1,1,1,1,1
674,1056903,28,239,156,16,3,2,2,1,1,3,1,1,1,1,1,1,1,1,1,1,1,1,1,1,1,1,1,1,1,1,2,1,1,1,1,1,1,1
695,1059556,29,229,208,199,4,2,1,1,1,1,1,1,1,1,1,1,1,1,1,1,1,1,1,1,1,1,1,1,1,1,2,1,1,1,1,1,1,1
696,1059556,30,330,208,199,4,2,1,1,1,1,1,1,1,1,1,1,1,1,1,1,1,1,1,1,1,1,1,1,1,1,2,1,1,1,1,1,1,1
755,1066605,1,237,131,142,4,3,1,3,1,3,1,1,3,1,1,1,1,3,2,2,3,3,3,3,4,4,2,2,2,2,2,1,1,1,1,1,1,1
765,1067983,31,238,132,38,4,2,2,3,1,1,1,1,1,1,1,1,1,1,1,1,1,1,1,1,1,1,1,1,1,1,2,1,1,1,1,1,1,1
787,1070750,32,408,288,150,14,2,2,1,1,1,1,1,1,1,1,1,1,1,1,1,1,1,1,1,1,1,1,1,1,1,2,1,1,1,1,1,1,1
855,10795,33,140,58,34,21,2,2,1,1,3,1,1,3,1,1,1,1,1,1,1,1,1,1,1,1,1,2,1,1,1,2,1,1,1,1,1,1,1
856,10795,34,234,135,34,21,2,2,1,1,3,1,1,3,1,1,1,1,1,1,1,1,1,1,1,1,1,2,1,1,1,2,1,1,1,1,1,1,1
881,1082923,35,402,361,277,4,3,2,1,1,3,1,1,3,1,1,1,1,1,1,1,1,1,1,1,1,1,1,1,1,1,2,1,1,1,1,1,1,1
882,1082923,35,402,361,277,4,3,2,1,1,3,1,1,3,1,1,1,1,1,1,1,1,1,1,1,1,1,1,1,1,1,2,1,1,1,1,1,1,1
883,1082923,36,483,361,277,4,3,2,1,1,3,1,1,3,1,1,1,1,1,1,1,1,1,1,1,1,1,1,1,1,1,2,1,1,1,1,1,1,1
892,1084048,37,336,250,161,4,2,2,1,1,1,1,1,1,1,1,1,1,1,1,1,1,1,1,1,1,1,1,1,1,1,2,1,1,1,1,1,1,1
893,1084048,38,362,250,161,4,2,2,1,1,1,1,1,1,1,1,1,1,1,1,1,1,1,1,1,1,1,1,1,1,1,2,1,1,1,1,1,1,1
894,1084048,39,446,342,161,4,2,2,1,1,1,1,1,1,1,1,1,1,1,1,1,1,1,1,1,1,1,1,1,1,1,2,1,1,1,1,1,1,1
915,108772,40,110,48,330,24,2,2,3,1,1,1,1,1,1,1,1,1,1,1,1,1,1,1,1,1,1,1,1,1,1,2,1,1,1,1,1,1,1
916,108772,41,269,183,330,24,2,2,3,1,1,3,2,1,1,1,1,1,1,1,1,1,1,1,1,1,1,1,1,1,1,2,1,1,1,1,1,1,1
924,108772,42,567,454,330,24,3,2,2,1,2,2,1,2,2,2,2,2,2,1,1,2,1,1,2,3,2,2,2,2,2,2,2,2,2,3,3,3,3
930,1088856,43,301,244,83,4,2,2,1,1,1,1,1,1,1,1,1,1,1,1,1,1,1,1,1,1,1,1,1,1,1,2,1,1,1,1,1,1,1
934,1089819,44,560,444,65,11,2,3,1,1,1,1,1,1,1,1,1,1,1,1,1,1,1,1,1,1,1,1,1,1,1,2,1,1,1,1,1,1,1
946,1090425,45,283,169,167,4,2,2,1,1,1,1,1,1,1,1,1,1,1,1,1,1,1,1,2,1,1,1,1,1,1,2,1,1,1,1,1,1,1
947,1090425,45,283,169,167,4,2,2,1,1,1,1,1,1,1,1,1,1,1,1,1,1,1,1,2,1,1,1,1,1,1,2,1,1,1,1,1,1,1
948,1090425,46,317,203,167,4,2,2,3,1,3,1,1,1,1,1,1,1,1,1,1,1,1,1,2,1,1,1,1,1,1,2,1,1,1,1,1,1,1
949,1090425,47,334,213,167,4,2,2,3,1,3,1,1,1,1,1,1,1,1,1,1,1,1,1,2,1,1,1,1,1,1,2,1,1,1,1,1,1,1
953,1090727,48,313,260,310,4,2,2,1,1,1,1,1,1,1,1,1,1,3,3,3,3,3,3,1,1,3,1,1,1,1,2,1,1,1,1,1,1,1
977,109380,49,485,363,333,33,2,1,1,1,3,3,3,1,2,1,1,1,3,2,2,1,1,1,1,1,3,3,1,1,1,2,1,1,1,1,1,1,1
978,109380,50,494,373,333,33,2,1,1,1,3,3,3,1,2,1,1,1,3,2,2,1,1,1,1,1,3,3,1,1,1,2,1,1,1,1,1,1,1
979,109380,50,494,373,333,33,2,1,1,1,3,3,3,1,2,1,1,1,3,2,2,1,1,1,1,1,3,3,1,1,1,2,1,1,1,1,1,1,1
980,109380,51,510,388,333,33,2,1,2,1,3,3,3,3,2,1,1,1,3,2,2,1,1,1,1,1,3,3,1,1,1,2,1,1,1,1,1,1,1
981,109380,52,512,390,333,33,2,1,2,1,3,3,3,3,3,1,1,1,3,2,2,1,1,1,1,1,3,3,1,1,1,2,1,1,1,1,1,1,1
982,109380,53,527,411,333,33,2,1,2,1,3,3,3,3,3,1,1,1,3,2,2,1,1,1,1,1,3,3,1,1,1,2,1,1,1,1,1,1,1
983,109380,54,533,416,333,33,2,1,2,1,3,3,3,3,3,1,1,1,3,2,2,1,1,1,1,1,3,3,1,1,1,2,1,1,1,1,1,1,1
986,1094093,55,559,443,238,20,2,1,2,1,1,1,1,1,1,1,1,1,1,1,1,1,1,1,1,1,1,1,1,1,1,2,1,1,1,1,1,1,1
987,1094093,55,559,443,238,20,2,1,2,1,1,1,1,1,1,1,1,1,1,1,1,1,1,1,1,1,1,1,1,1,1,2,1,1,1,1,1,1,1
989,1095073,56,286,171,112,2,2,1,1,1,1,1,1,1,1,1,1,1,1,1,1,1,1,1,1,1,1,1,1,1,1,2,1,1,1,1,1,1,1
990,1095073,57,288,171,112,4,2,2,1,1,1,1,1,1,1,1,1,1,1,1,1,1,1,1,1,1,1,1,1,1,1,2,1,1,1,1,1,1,1
997,1095996,58,296,180,327,4,2,2,1,1,1,1,1,1,1,1,1,1,1,1,1,1,1,1,1,1,1,1,1,1,1,2,1,1,1,1,1,1,1
1000,1096325,59,284,176,159,4,2,2,1,1,1,1,1,1,1,1,1,1,1,1,1,1,1,1,1,1,1,1,1,1,1,2,1,1,1,1,1,1,1
1010,109758,60,55,13,25,4,2,2,1,1,3,3,3,1,1,1,1,1,3,2,2,3,3,2,1,1,3,1,1,1,1,2,1,1,1,1,1,1,1
1057,1103982,61,341,220,198,34,2,1,1,1,1,1,1,1,1,1,1,1,1,1,1,1,1,1,1,1,1,1,1,1,1,2,1,1,1,1,1,1,1
1162,1135971,62,381,302,228,4,2,2,1,1,1,1,1,1,1,1,1,1,1,1,1,1,1,1,1,1,1,1,1,1,1,2,1,1,1,1,1,1,1
1163,1135971,62,381,302,228,4,2,2,1,1,1,1,1,1,1,1,1,1,1,1,1,1,1,1,1,1,1,1,1,1,1,2,1,1,1,1,1,1,1
1164,1135971,63,398,302,228,4,2,2,1,1,1,1,1,1,1,1,1,1,1,1,1,1,1,1,1,1,1,1,1,1,1,2,1,1,1,1,1,1,1
1165,1135971,63,398,302,228,4,2,2,1,1,1,1,1,1,1,1,1,1,1,1,1,1,1,1,1,1,1,1,1,1,1,2,1,1,1,1,1,1,1
1166,1135971,64,415,302,228,4,3,2,2,1,3,3,3,3,2,2,2,2,2,1,1,3,3,2,2,3,3,2,2,2,2,2,1,1,1,1,1,1,1
1167,1135971,64,415,302,228,4,3,2,2,1,3,3,3,3,2,2,2,2,2,1,1,3,3,2,2,3,3,2,2,2,2,2,1,1,1,1,1,1,1
1168,1135971,64,415,302,228,4,3,2,2,1,3,3,3,3,2,2,2,2,2,1,1,3,3,2,2,3,3,2,2,2,2,2,1,1,1,1,1,1,1
1183,1141982,65,492,375,82,32,2,2,1,1,1,1,1,1,1,1,1,1,1,1,1,1,1,1,1,1,1,1,1,1,1,2,1,1,1,1,1,1,1
1191,11544,66,213,274,37,4,2,2,1,1,1,1,1,1,1,1,1,1,1,1,1,1,1,1,1,1,1,1,1,1,1,2,1,1,1,1,1,1,1
1192,11544,67,403,292,37,4,2,2,1,1,1,1,1,1,1,1,1,1,1,1,1,1,1,1,1,1,1,1,1,1,1,2,1,1,1,1,1,1,1
1193,11544,68,451,325,37,4,2,2,1,1,1,1,1,1,1,1,1,1,1,1,1,1,1,1,1,1,1,1,1,1,1,2,1,1,1,1,1,1,1
1232,1170010,69,375,261,51,34,2,2,1,1,1,1,1,1,1,1,1,1,1,1,1,1,1,1,1,1,1,1,1,1,1,2,1,1,1,1,1,1,1
1314,1289490,70,474,353,115,14,2,2,1,1,3,1,1,1,1,1,1,1,1,1,1,1,1,1,1,1,1,1,1,1,1,2,1,1,1,1,1,1,1
1315,1289490,71,544,426,115,14,2,2,1,1,3,1,1,1,1,1,1,1,1,1,1,1,1,1,1,1,1,1,1,1,1,2,1,1,1,1,1,1,1
1398,1385157,72,303,338,291,12,2,1,1,1,1,1,1,1,1,1,1,1,1,1,1,1,1,1,1,1,1,1,1,1,1,2,1,1,1,1,1,1,1
1399,1385157,73,461,338,291,12,2,1,1,1,1,1,1,1,1,1,1,1,1,1,1,1,1,1,1,1,1,1,1,1,1,2,1,1,1,1,1,1,1
1400,1385157,74,462,346,291,12,2,1,1,1,1,1,1,1,1,1,1,1,1,1,1,1,1,1,1,1,1,1,1,1,1,2,1,1,1,1,1,1,1
1437,14272,75,262,189,42,4,2,1,1,1,1,1,1,1,1,1,1,1,1,1,1,1,1,1,1,1,1,1,1,1,1,2,1,1,1,1,1,1,1
1472,1459200,76,542,438,8,4,2,2,1,1,3,1,1,1,1,1,1,1,1,1,1,1,1,1,1,1,1,1,1,1,1,2,1,1,1,1,1,1,1
1480,14707,77,272,163,48,24,2,2,1,1,1,1,1,1,1,1,1,1,1,1,1,1,1,1,1,1,1,1,1,1,1,2,1,1,1,1,1,1,1
1512,14930,78,563,448,44,4,2,2,1,1,1,1,1,1,1,1,1,1,1,1,1,1,1,1,3,1,1,1,1,1,1,2,1,1,1,1,1,1,1
1576,1593034,79,547,428,107,10,2,2,1,1,1,1,1,1,1,1,1,1,1,1,1,1,1,1,1,1,1,1,1,1,1,2,1,1,1,1,1,1,1
1578,1594686,80,549,433,321,9,2,2,1,1,1,1,1,1,1,1,1,1,1,1,1,1,1,1,1,1,1,1,1,1,1,2,1,1,1,1,1,1,1
1579,1594686,81,555,439,321,9,2,2,1,1,1,1,1,1,1,1,1,1,1,1,1,1,1,1,1,1,1,1,1,1,1,2,1,1,1,1,1,1,1
1580,1594686,81,555,439,321,9,2,2,1,1,1,1,1,1,1,1,1,1,1,1,1,1,1,1,1,1,1,1,1,1,1,2,1,1,1,1,1,1,1
1725,19584,82,450,324,56,4,2,2,1,1,1,1,1,1,1,1,1,1,1,1,1,1,1,1,1,1,1,1,1,1,1,2,1,1,1,1,1,1,1
1726,19617,83,60,3,57,4,2,1,1,1,3,2,1,3,1,1,1,1,1,1,1,1,1,1,1,1,1,1,1,1,1,2,1,1,1,1,1,1,1
1732,200406,84,123,81,163,21,2,2,1,1,1,1,1,1,1,1,1,1,1,1,1,1,1,1,1,1,1,1,1,1,1,2,1,1,1,1,1,1,1
1733,200406,85,345,238,163,21,2,2,1,1,1,1,1,1,1,1,1,1,1,1,1,1,1,1,1,1,1,1,1,1,1,2,1,1,1,1,1,1,1
1734,200406,86,444,323,163,21,2,2,1,1,1,1,1,1,1,1,1,1,1,1,1,1,1,1,1,1,1,1,1,1,1,2,1,1,1,1,1,1,1
1760,203077,87,142,80,276,17,2,1,1,1,1,1,1,1,1,1,1,1,1,1,1,1,1,1,1,1,1,1,1,1,1,2,1,1,1,1,1,1,1
1775,205700,88,32,36,206,4,2,2,1,1,3,3,2,1,1,1,1,1,1,1,1,1,1,1,1,1,1,1,1,1,1,2,1,1,1,1,1,1,1
1782,21175,89,215,340,66,4,2,2,1,1,1,1,1,1,1,1,1,1,1,1,1,1,1,1,1,1,1,1,1,1,1,2,1,1,1,1,1,1,1
1786,21344,90,124,53,69,4,2,1,2,1,3,2,2,3,3,2,2,2,1,1,1,1,1,1,1,1,1,1,1,1,1,2,1,1,1,1,1,1,1
1787,21344,91,529,413,69,4,2,1,2,1,3,2,2,3,3,2,2,2,1,1,1,1,1,1,1,1,1,1,1,1,1,2,1,1,1,1,1,1,1
1792,21510,92,344,265,70,4,2,2,1,1,1,1,1,1,1,1,1,1,1,1,1,1,1,1,1,1,1,1,1,1,1,2,1,1,1,1,1,1,1
1796,21535,93,129,78,71,4,2,2,1,1,1,1,1,1,1,1,1,1,1,1,1,1,1,1,1,1,1,1,1,1,1,2,1,1,1,1,1,1,1
1801,215419,94,478,355,55,27,2,2,1,1,1,1,1,1,1,1,1,1,1,1,1,1,1,1,1,1,1,1,1,1,1,2,1,1,1,1,1,1,1
1812,216275,95,107,38,162,27,2,2,2,1,1,1,1,1,1,1,1,1,1,1,1,1,1,1,1,1,1,1,1,1,1,2,1,1,1,1,1,1,1
1813,216275,96,133,63,162,27,2,2,2,1,1,1,1,1,1,1,1,1,1,1,1,1,1,1,1,1,1,1,1,1,1,2,1,1,1,1,1,1,1
1814,216275,96,133,63,162,27,2,2,2,1,1,1,1,1,1,1,1,1,1,1,1,1,1,1,1,1,1,1,1,1,1,2,1,1,1,1,1,1,1
1824,217591,97,72,14,331,4,2,2,1,1,1,1,1,1,1,1,1,1,1,1,1,1,1,1,1,1,1,1,1,1,1,2,1,1,1,1,1,1,1
1840,225463,98,82,27,151,25,2,2,1,1,3,1,1,1,1,1,1,1,1,1,1,1,1,1,1,1,1,1,1,1,1,2,1,1,1,1,1,1,1
1842,23019,99,489,365,73,24,2,2,1,1,1,1,1,1,1,1,1,1,1,1,1,1,1,1,1,1,1,1,1,1,1,2,1,1,1,1,1,1,1
1843,23019,99,489,365,73,24,2,2,1,1,1,1,1,1,1,1,1,1,1,1,1,1,1,1,1,1,1,1,1,1,1,2,1,1,1,1,1,1,1
1859,23071,100,212,120,29,5,2,1,1,1,1,1,1,1,1,1,1,1,1,1,1,1,1,1,1,1,1,1,1,1,1,2,1,1,1,1,1,1,1
1860,23071,101,249,154,29,5,2,1,1,1,3,3,2,3,1,1,1,1,1,1,1,1,1,1,1,1,3,1,1,1,1,2,1,1,1,1,1,1,1
1861,23082,102,327,212,74,23,2,2,1,1,1,1,1,1,1,1,1,1,1,1,1,1,1,1,1,1,1,1,1,1,1,2,1,1,1,1,1,1,1
1865,23111,103,250,147,75,24,2,2,1,1,1,3,2,1,1,1,1,1,1,1,1,1,1,1,1,1,3,1,1,1,1,2,1,1,1,1,1,1,1
1867,23197,104,198,143,76,4,2,2,1,1,1,1,1,1,1,1,1,1,1,1,1,1,1,1,1,1,1,1,1,1,1,2,1,1,1,1,1,1,1
1868,23197,105,297,211,76,4,2,2,1,1,1,1,1,1,1,1,1,1,1,1,1,1,1,1,1,1,1,1,1,1,1,2,1,1,1,1,1,1,1
1885,23666,106,38,17,146,14,2,1,1,1,1,1,1,1,1,1,1,1,1,1,1,1,1,1,1,1,1,1,1,1,1,2,1,1,1,1,1,1,1
1888,23675,107,170,85,77,4,2,2,1,1,1,1,1,1,1,1,1,1,1,1,1,1,1,1,1,1,1,1,1,1,1,2,1,1,1,1,1,1,1
1894,24545,1,1,371,197,4,2,1,1,1,1,1,1,1,1,1,1,1,1,1,1,1,1,1,1,1,1,1,1,1,1,2,1,1,1,1,1,1,1
1916,25305,108,79,213,86,4,2,2,1,1,1,1,1,1,1,1,1,1,1,1,1,1,1,1,1,1,1,1,1,1,1,2,1,1,1,1,1,1,1
1917,25305,109,168,213,86,4,2,2,3,1,1,1,1,1,1,1,1,1,1,1,1,1,1,1,1,1,1,1,1,1,1,2,1,1,1,1,1,1,1
1918,25305,110,243,213,86,4,2,2,3,1,3,3,2,3,1,1,1,1,1,1,1,1,1,1,1,1,2,1,1,1,1,2,1,1,1,1,1,1,1
1923,25354,111,521,408,87,4,2,1,1,1,1,1,1,1,1,1,1,1,1,1,1,1,1,1,1,1,1,1,1,1,1,2,1,1,1,1,1,1,1
1924,25445,112,270,186,88,4,2,2,1,1,1,1,1,1,1,1,1,1,1,1,1,1,1,1,1,1,1,1,1,1,1,2,1,1,1,1,1,1,1
1928,2601,113,4,242,4,4,2,2,1,1,1,1,1,1,1,1,1,1,1,1,1,1,1,1,1,2,1,1,1,1,1,2,1,1,1,1,1,1,1
1932,26172,114,66,11,90,9,2,1,1,1,3,1,1,1,1,1,1,1,1,1,1,1,1,1,1,1,1,1,1,1,1,2,1,1,1,1,1,1,1
1933,26172,115,345,226,91,9,2,1,1,1,3,1,1,1,1,1,1,1,1,1,1,1,1,1,1,1,1,1,1,1,1,2,1,1,1,1,1,1,1
1992,2969,116,114,68,6,4,2,2,1,1,1,1,1,1,1,1,1,1,1,1,1,1,1,1,1,1,1,1,1,1,1,2,1,1,1,1,1,1,1
1993,2969,117,546,431,6,4,2,2,1,1,1,1,1,1,1,1,1,1,1,1,1,1,1,1,3,1,1,1,1,1,1,2,1,1,1,1,1,1,1
2035,310142,118,345,229,269,37,2,2,1,1,1,1,1,1,1,1,1,1,1,1,1,1,1,1,1,1,1,1,1,1,1,2,1,1,1,1,1,1,1
2046,310354,119,245,149,279,4,2,1,1,1,1,1,1,1,1,1,1,1,1,1,1,1,1,1,1,1,1,1,1,1,1,2,1,1,1,1,1,1,1
2113,315293,120,307,193,20,4,2,2,1,1,1,1,1,1,1,1,1,1,1,1,1,1,1,1,1,1,1,1,1,1,1,2,1,1,1,1,1,1,1
2153,318154,121,467,349,17,4,2,2,1,1,1,1,1,1,1,1,1,1,1,1,1,1,1,1,3,1,1,1,1,1,1,2,1,1,1,1,1,1,1
2154,318154,121,467,349,17,4,2,2,1,1,1,1,1,1,1,1,1,1,1,1,1,1,1,1,3,1,1,1,1,1,1,2,1,1,1,1,1,1,1
2186,320193,122,255,159,23,3,2,2,1,1,1,1,1,1,1,1,1,1,1,1,1,1,1,1,3,1,1,1,1,1,1,2,1,1,1,1,1,1,1
2187,320193,123,309,194,23,3,2,2,1,1,1,1,1,1,1,1,1,1,1,1,1,1,1,1,3,1,1,1,1,1,1,2,1,1,1,1,1,1,1
2188,320193,124,418,299,23,3,2,2,1,1,1,1,1,1,1,1,1,1,1,1,1,1,1,1,3,1,1,1,1,1,1,2,1,1,1,1,1,1,1
2189,320193,125,463,337,23,3,2,2,1,1,1,1,1,1,1,1,1,1,1,1,1,1,1,1,3,1,1,1,1,1,1,2,1,1,1,1,1,1,1
2192,32272,126,308,192,300,4,2,1,1,1,1,1,1,1,1,1,1,1,1,1,1,1,1,1,1,1,1,1,1,1,1,2,1,1,1,1,1,1,1
2211,3327,127,160,86,205,4,2,2,3,1,1,1,1,1,1,1,1,1,1,1,1,1,1,1,1,1,1,1,1,1,1,2,1,1,1,1,1,1,1
2223,34088,128,164,76,116,21,2,2,3,1,1,1,1,1,1,1,1,1,1,1,1,1,1,1,1,1,1,1,1,1,1,2,1,1,1,1,1,1,1
2229,34136,129,84,23,117,4,2,2,1,1,1,1,1,1,1,1,1,1,1,1,1,1,1,1,1,1,1,1,1,1,1,2,1,1,1,1,1,1,1
2230,34408,130,201,110,118,4,2,1,1,1,1,1,1,1,1,1,1,1,1,1,1,1,1,1,1,1,1,1,1,1,1,2,1,1,1,1,1,1,1
2231,34408,131,364,251,118,4,2,1,1,1,1,1,1,1,1,1,1,1,1,1,1,1,1,1,1,1,1,1,1,1,1,2,1,1,1,1,1,1,1
2245,350621,132,22,174,46,27,2,2,1,1,1,1,1,1,1,1,1,1,1,1,1,1,1,1,1,1,3,3,1,1,1,2,1,1,1,1,1,1,1
2246,350621,133,108,174,46,27,2,2,1,1,1,1,1,1,1,1,1,1,1,1,1,1,1,1,1,1,3,3,1,1,1,2,1,1,1,1,1,1,1
2247,350621,134,292,174,46,27,2,2,1,1,1,1,1,1,1,1,1,1,1,1,1,1,1,1,1,1,3,3,1,1,1,2,1,1,1,1,1,1,1
2248,350621,134,292,174,46,27,2,2,1,1,1,1,1,1,1,1,1,1,1,1,1,1,1,1,1,1,3,3,1,1,1,2,1,1,1,1,1,1,1
2249,350621,134,292,174,46,27,2,2,1,1,1,1,1,1,1,1,1,1,1,1,1,1,1,1,1,1,3,3,1,1,1,2,1,1,1,1,1,1,1
2250,350621,135,411,295,46,27,2,2,1,1,1,1,1,1,1,1,1,1,1,1,1,1,1,1,1,1,3,3,1,1,1,2,1,1,1,1,1,1,1
2254,350847,136,230,154,251,4,2,2,1,1,1,1,1,1,1,1,1,1,1,1,1,1,1,1,1,1,1,1,1,1,1,2,1,1,1,1,1,1,1
2256,350894,137,153,81,268,27,2,2,1,1,1,1,1,1,1,1,1,1,1,1,1,1,1,1,1,1,1,1,1,1,1,2,1,1,1,1,1,1,1
2257,350894,138,337,223,268,27,2,2,1,1,3,1,1,3,1,1,1,1,1,1,1,1,1,1,1,4,1,1,1,1,1,2,1,1,1,1,1,1,1
2292,352947,139,125,54,108,4,2,2,1,1,1,1,1,1,1,1,1,1,1,1,1,1,1,1,1,1,1,1,1,1,1,2,1,1,1,1,1,1,1
2322,354647,140,31,393,92,3,2,2,2,1,3,2,1,3,1,1,1,1,1,1,1,1,1,1,1,1,1,1,1,1,1,2,1,1,1,1,1,1,1
2323,354647,141,199,393,92,3,2,2,2,1,3,2,1,3,1,1,1,1,1,1,1,1,1,1,1,1,1,1,1,1,1,2,1,1,1,1,1,1,1
2324,354647,142,300,393,92,3,2,2,2,1,3,2,1,3,1,1,1,1,1,1,1,1,1,1,1,1,1,1,1,1,1,2,1,1,1,1,1,1,1
2325,354647,143,323,393,92,3,2,2,2,1,3,3,2,3,1,1,1,1,1,1,1,1,1,1,1,1,1,1,1,1,1,2,1,1,1,1,1,1,1
2326,354647,144,363,393,92,3,2,2,2,1,3,3,2,3,1,1,1,1,1,1,1,1,1,1,1,1,1,1,1,1,1,2,1,1,1,1,1,1,1
2327,354647,145,383,393,92,3,2,2,2,1,3,3,2,3,1,1,1,1,1,1,1,1,1,1,1,1,1,1,1,1,1,2,1,1,1,1,1,1,1
2328,354647,146,417,393,92,3,2,2,2,1,3,3,2,3,1,1,1,1,1,1,1,1,1,1,1,1,1,1,1,1,1,2,1,1,1,1,1,1,1
2329,354647,147,439,393,92,3,2,2,2,1,3,3,2,3,1,1,1,1,1,1,1,1,1,1,1,1,1,1,1,1,1,2,1,1,1,1,1,1,1
2330,354647,148,486,393,92,3,2,2,2,1,3,3,2,3,1,1,1,1,1,1,1,1,1,1,1,1,1,1,1,1,1,2,1,1,1,1,1,1,1
2331,354647,149,507,393,92,3,2,2,2,1,3,3,2,3,1,1,1,1,1,1,1,1,1,1,1,1,1,1,1,1,1,2,1,1,1,1,1,1,1
2332,354707,150,448,321,139,7,2,2,1,1,1,1,1,1,1,1,1,1,1,1,1,1,1,1,1,1,1,1,1,1,1,2,1,1,1,1,1,1,1
2333,354707,150,448,321,139,7,2,2,1,1,1,1,1,1,1,1,1,1,1,1,1,1,1,1,1,1,1,1,1,1,1,2,1,1,1,1,1,1,1
2336,354869,151,81,20,122,25,2,2,1,1,1,1,1,1,1,1,1,1,1,1,1,1,1,1,1,1,1,1,1,1,1,2,1,1,1,1,1,1,1
2375,356080,152,90,186,36,4,2,2,3,1,1,1,1,1,1,1,1,1,1,1,1,1,1,1,1,1,1,1,1,1,1,2,1,1,1,1,1,1,1
2413,36146,153,33,29,304,19,2,2,1,1,1,1,1,1,1,1,1,1,1,1,1,1,1,1,1,1,1,1,1,1,1,2,1,1,1,1,1,1,1
2414,36146,154,88,29,304,19,2,2,1,1,1,1,1,1,1,1,1,1,1,1,1,1,1,1,1,1,1,1,1,1,1,2,1,1,1,1,1,1,1
2415,36146,155,209,153,304,19,2,2,1,1,1,1,1,1,1,1,1,1,1,1,1,1,1,1,1,1,1,1,1,1,1,2,1,1,1,1,1,1,1
2416,36146,156,367,267,304,19,2,2,1,1,3,1,1,3,1,1,1,1,1,1,1,1,1,1,1,1,1,1,1,1,1,2,1,1,1,1,1,1,1
2446,3721,157,43,8,10,4,2,2,1,1,1,1,1,1,1,1,1,1,1,1,1,1,1,1,1,1,1,1,1,1,1,2,1,1,1,1,1,1,1
2447,3721,158,51,8,10,4,2,2,1,1,1,1,1,1,1,1,1,1,1,1,1,1,1,1,1,1,1,1,1,1,1,2,1,1,1,1,1,1,1
2448,3721,159,200,118,10,4,2,2,1,1,3,3,1,3,1,1,1,1,1,1,1,1,1,1,1,1,3,1,1,1,1,2,1,1,1,1,1,1,1
2465,38777,160,12,21,126,4,2,2,1,1,3,1,1,3,1,1,1,1,1,1,1,1,1,1,1,1,1,1,1,1,1,2,1,1,1,1,1,1,1
2470,38984,161,113,136,103,23,2,1,2,1,3,2,1,3,1,1,1,1,1,1,1,1,1,1,1,1,1,1,1,1,1,2,1,1,1,1,1,1,1
2493,39911,162,210,126,128,4,2,2,3,1,1,1,1,1,1,1,1,1,1,1,1,1,1,1,1,1,1,1,1,1,1,2,1,1,1,1,1,1,1
2494,39911,163,261,190,128,4,2,2,3,1,1,1,1,1,1,1,1,1,1,1,1,1,1,1,1,1,1,1,1,1,1,2,1,1,1,1,1,1,1
2495,40211,164,233,254,130,24,2,2,1,1,3,3,2,1,1,1,1,1,1,1,1,3,3,2,1,1,3,1,1,1,1,2,1,1,1,1,1,1,1
2526,40987,165,63,26,131,6,2,2,1,1,1,1,1,1,1,1,1,1,1,1,1,1,1,1,1,1,1,1,1,1,1,2,1,1,1,1,1,1,1
2584,43704,166,147,65,134,35,2,1,1,1,1,1,1,1,1,1,1,1,1,1,1,1,1,1,1,1,1,1,1,1,1,2,1,1,1,1,1,1,1
2586,43920,167,86,22,135,4,2,2,3,1,1,1,1,1,1,1,1,1,1,1,1,1,1,1,1,1,1,1,1,1,1,2,1,1,1,1,1,1,1
2625,46989,168,112,139,145,4,2,1,1,1,1,1,1,1,1,1,1,1,1,1,1,1,1,1,1,1,1,1,1,1,1,2,1,1,1,1,1,1,1
2626,46989,169,473,357,145,4,2,1,1,1,1,1,1,1,1,1,1,1,1,1,1,1,1,1,1,1,1,1,1,1,1,2,1,1,1,1,1,1,1
2643,48039,170,401,367,147,4,2,2,1,1,1,1,1,1,1,1,1,1,1,1,1,1,1,1,1,1,1,1,1,1,1,2,1,1,1,1,1,1,1
2644,48039,171,468,367,147,4,2,2,1,1,1,1,1,1,1,1,1,1,1,1,1,1,1,1,1,1,1,1,1,1,1,2,1,1,1,1,1,1,1
2659,49196,172,464,339,154,14,2,2,1,1,1,1,1,1,1,1,1,1,1,1,1,1,1,1,1,1,1,1,1,1,1,2,1,1,1,1,1,1,1
2660,49196,173,470,345,154,14,2,2,1,1,1,1,1,1,1,1,1,1,1,1,1,1,1,1,1,1,1,1,1,1,1,2,1,1,1,1,1,1,1
2661,49196,174,479,359,154,14,2,2,1,1,1,1,1,1,1,1,1,1,1,1,1,1,1,1,1,1,1,1,1,1,1,2,1,1,1,1,1,1,1
2662,49196,175,480,359,154,14,2,2,1,1,1,3,3,1,1,1,1,1,1,1,1,1,1,1,1,1,3,3,1,1,1,2,1,1,1,1,1,1,1
2663,49196,176,481,360,154,14,2,2,1,1,1,3,3,1,1,1,1,1,1,1,1,1,1,1,3,1,3,3,1,1,1,2,1,1,1,1,1,1,1
2664,49196,177,485,363,154,14,2,2,1,1,1,3,3,1,1,1,1,1,1,1,1,1,1,1,3,1,3,3,1,1,1,2,1,1,1,1,1,1,1
2665,49196,178,500,382,154,14,2,2,1,1,1,3,3,1,1,1,1,1,1,1,1,1,1,1,3,1,3,3,1,1,1,2,1,1,1,1,1,1,1
2666,49196,179,525,409,154,14,2,2,1,1,1,3,3,1,1,1,1,1,1,1,1,1,1,1,3,1,3,3,1,1,1,2,1,1,1,1,1,1,1
2667,49196,180,565,449,154,14,2,2,1,1,1,3,3,1,1,1,1,1,1,1,1,1,1,1,3,1,3,3,1,1,1,2,1,1,1,1,1,1,1
2679,50104,181,57,4,297,4,2,2,1,1,1,1,1,1,1,1,1,1,2,1,1,2,1,1,2,3,3,2,2,2,2,2,1,1,1,1,1,1,1
2680,50104,182,236,145,297,4,2,2,1,1,1,1,1,1,1,1,1,1,2,1,1,2,1,1,2,3,3,2,2,2,2,2,1,1,1,1,1,1,1
2681,50104,183,447,320,296,4,2,2,1,1,1,1,1,1,1,1,1,1,2,1,1,2,1,1,2,3,3,2,2,2,2,2,1,1,1,1,1,1,1
2684,50341,184,85,25,123,28,2,2,1,1,1,1,1,1,1,1,1,1,1,1,1,1,1,1,1,1,1,1,1,1,1,2,1,1,1,1,1,1,1
2710,51434,185,260,169,157,24,2,1,2,1,3,3,3,3,3,2,2,2,1,1,1,1,1,1,1,1,1,1,1,1,1,2,1,1,1,1,1,1,1
2711,51434,186,351,237,157,24,2,1,2,1,3,3,3,3,3,2,2,2,1,1,1,1,1,1,1,1,1,1,1,1,1,2,1,1,1,1,1,1,1
2714,51644,187,5,280,158,4,2,2,1,1,1,1,1,1,1,1,1,1,1,1,1,1,1,1,1,1,1,1,1,1,1,2,1,1,1,1,1,1,1
2715,51644,187,5,280,158,4,2,2,1,1,1,1,1,1,1,1,1,1,1,1,1,1,1,1,1,1,1,1,1,1,1,2,1,1,1,1,1,1,1
2716,51644,188,7,280,158,4,2,2,1,1,1,1,1,1,1,1,1,1,1,1,1,1,1,1,1,1,1,1,1,1,1,2,1,1,1,1,1,1,1
2717,51644,189,20,280,158,4,2,2,1,1,1,1,1,1,1,1,1,1,1,1,1,1,1,1,1,1,1,1,1,1,1,2,1,1,1,1,1,1,1
2743,52795,190,105,45,19,4,2,2,1,1,1,1,1,1,1,1,1,1,1,1,1,1,1,1,1,1,1,1,1,1,1,2,1,1,1,1,1,1,1
2759,54480,191,65,26,164,4,2,2,1,1,3,1,1,1,1,1,1,1,1,1,1,1,1,1,1,1,1,1,1,1,1,2,1,1,1,1,1,1,1
2775,54883,192,220,125,165,13,2,2,1,1,1,1,1,1,1,1,1,1,1,1,1,1,1,1,1,1,1,1,1,1,1,2,1,1,1,1,1,1,1
2810,57515,193,40,140,168,25,2,2,1,1,3,1,1,1,1,1,1,1,1,1,1,1,1,1,1,1,1,1,1,1,1,2,1,1,1,1,1,1,1
2811,57515,194,196,140,168,25,2,2,1,1,3,1,1,1,1,1,1,1,1,1,1,1,1,1,1,1,1,1,1,1,1,2,1,1,1,1,1,1,1
2840,59478,195,60,3,105,9,2,2,1,1,1,3,2,1,1,1,1,1,1,1,1,1,1,1,1,1,1,1,1,1,1,2,1,1,1,1,1,1,1
2877,6176,196,244,142,18,27,2,2,1,1,1,3,3,1,1,1,1,1,1,1,1,1,1,1,1,1,1,1,1,1,1,2,1,1,1,1,1,1,1
2884,6201,197,219,279,14,4,2,2,1,1,1,1,1,1,1,1,1,1,1,1,1,1,1,1,1,1,1,1,1,1,1,2,1,1,1,1,1,1,1
2889,62234,198,191,104,182,37,2,2,1,1,1,1,1,1,1,1,1,1,1,1,1,1,1,1,1,1,1,1,1,1,1,2,1,1,1,1,1,1,1
2913,63541,199,392,276,184,4,2,2,1,1,1,1,1,1,1,1,1,1,1,1,1,1,1,1,1,1,1,1,1,1,1,2,1,1,1,1,1,1,1
2914,63754,200,388,270,185,14,2,2,1,1,1,1,1,1,1,1,1,1,1,1,1,1,1,1,1,1,1,1,1,1,1,2,1,1,1,1,1,1,1
2929,64782,201,167,91,188,27,2,1,1,1,1,1,1,1,1,1,1,1,1,1,1,1,1,1,1,1,1,1,1,1,1,2,1,1,1,1,1,1,1
2935,64908,202,171,105,189,14,2,2,1,1,1,1,1,1,1,1,1,1,1,1,1,1,1,1,1,1,1,1,1,1,1,2,1,1,1,1,1,1,1
2936,64908,203,275,175,189,14,2,2,1,1,1,1,1,1,1,1,1,1,1,1,1,1,1,1,3,1,1,1,1,1,1,2,1,1,1,1,1,1,1
2937,64908,204,289,175,189,14,2,2,1,1,1,3,2,1,1,1,1,1,1,1,1,1,1,1,3,1,1,1,1,1,1,2,1,1,1,1,1,1,1
2938,64908,205,377,263,189,14,2,2,1,1,1,3,2,1,1,1,1,1,1,1,1,1,1,1,3,1,1,1,1,1,1,2,1,1,1,1,1,1,1
2939,64908,205,377,263,189,14,2,2,1,1,1,3,2,1,1,1,1,1,1,1,1,1,1,1,3,1,1,1,1,1,1,2,1,1,1,1,1,1,1
2940,64908,206,453,328,189,14,2,2,1,1,1,3,2,1,1,1,1,1,1,1,1,1,1,1,3,1,1,1,1,1,1,2,1,1,1,1,1,1,1
2941,64978,207,252,152,190,21,2,2,1,1,1,1,1,1,1,1,1,1,1,1,1,1,1,1,1,1,1,1,1,1,1,2,1,1,1,1,1,1,1
2961,65270,208,287,273,192,4,2,2,3,1,1,1,1,1,1,1,1,1,1,1,1,1,1,1,1,1,1,1,1,1,1,2,1,1,1,1,1,1,1
2962,65270,208,287,273,192,4,2,2,3,1,1,1,1,1,1,1,1,1,1,1,1,1,1,1,1,1,1,1,1,1,1,2,1,1,1,1,1,1,1
2964,65873,209,212,119,13,4,2,1,1,1,1,1,1,1,1,1,1,1,1,1,1,1,1,1,1,1,1,1,1,1,1,2,1,1,1,1,1,1,1
3007,6769,210,554,437,21,4,2,1,1,1,1,1,1,1,1,1,1,1,1,1,1,1,1,1,1,1,1,1,1,1,1,2,1,1,1,1,1,1,1
3023,68270,211,75,33,257,4,2,2,2,1,2,3,2,3,2,2,2,2,3,2,2,3,3,3,1,1,4,1,1,1,1,2,1,1,1,1,1,1,1
3027,6845,212,76,286,22,17,2,1,1,1,1,1,1,1,1,1,1,1,1,1,1,1,1,1,1,1,1,1,1,1,1,2,1,1,1,1,1,1,1
3028,6845,213,568,455,22,17,2,1,1,1,1,1,1,1,1,1,1,1,1,1,1,1,1,1,1,1,3,1,1,1,1,2,1,1,1,1,1,1,1
3029,68505,214,64,10,201,4,2,2,1,1,1,1,1,1,1,1,1,1,1,1,1,1,1,1,1,1,1,1,1,1,1,2,1,1,1,1,1,1,1
3030,68505,215,310,196,201,4,2,2,1,1,1,1,1,1,1,1,1,1,1,1,1,1,1,1,1,1,1,1,1,1,1,2,1,1,1,1,1,1,1
3064,700863,216,222,133,284,27,2,2,1,1,1,1,1,1,1,1,1,1,1,1,1,1,1,1,1,1,1,1,1,1,1,2,1,1,1,1,1,1,1
3083,702165,217,329,218,209,34,2,2,1,1,1,3,3,1,1,1,1,1,1,1,1,1,1,1,1,1,3,1,1,1,1,2,1,1,1,1,1,1,1
3084,702165,218,506,385,209,34,2,2,1,1,1,3,3,1,1,1,1,2,1,1,1,1,1,1,2,1,3,1,1,1,1,2,1,1,1,1,1,1,1
3092,70318,219,97,204,293,23,2,1,1,1,1,1,1,1,1,1,1,1,1,1,1,1,1,1,1,1,1,1,1,1,1,2,1,1,1,1,1,1,1
3121,704532,220,10,113,217,3,2,2,1,1,1,1,1,1,1,1,1,1,1,1,1,1,1,1,1,1,1,1,1,1,1,2,1,1,1,1,1,1,1
3122,704532,221,13,113,217,3,2,2,1,1,1,1,1,1,1,1,1,1,1,1,1,1,1,1,1,1,1,1,1,1,1,2,1,1,1,1,1,1,1
3123,704532,222,28,113,217,3,2,2,1,1,1,1,1,1,1,1,1,1,1,1,1,1,1,1,1,1,1,1,1,1,1,2,1,1,1,1,1,1,1
3127,70530,223,328,210,204,4,2,2,1,1,3,1,1,3,1,1,1,1,1,1,1,1,1,1,1,1,1,1,1,1,1,2,1,1,1,1,1,1,1
3146,707549,224,304,227,166,4,2,2,1,1,1,1,1,1,1,1,1,1,1,1,1,1,1,1,1,1,1,1,1,1,1,2,1,1,1,1,1,1,1
3147,707549,225,497,376,166,4,2,2,1,1,1,1,1,1,1,1,1,1,1,1,1,1,1,1,1,3,1,1,1,1,1,2,1,1,1,1,1,1,1
3149,707606,226,207,121,285,4,2,2,1,1,1,1,1,1,1,1,1,1,1,1,1,1,1,1,1,1,1,1,1,1,1,2,1,1,1,1,1,1,1
3157,708850,227,295,350,97,3,2,2,1,1,3,1,1,3,1,1,1,1,1,1,1,1,1,1,1,1,1,1,1,1,1,2,1,1,1,1,1,1,1
3183,711404,228,108,43,81,4,2,2,1,1,1,1,1,1,1,1,1,1,1,1,1,1,1,1,1,1,1,1,1,1,1,2,1,1,1,1,1,1,1
3184,711404,229,316,216,81,4,2,2,1,1,1,1,1,1,1,1,1,1,1,1,1,1,1,1,1,1,1,1,1,1,1,2,1,1,1,1,1,1,1
3185,711404,230,387,271,81,4,2,2,1,1,1,1,1,1,1,1,1,1,1,1,1,1,1,1,1,1,1,1,1,1,1,2,1,1,1,1,1,1,1
3218,714603,231,311,195,100,4,2,1,1,1,1,1,1,1,1,1,1,1,1,1,1,1,1,1,1,1,1,1,1,1,1,2,1,1,1,1,1,1,1
3219,714603,232,403,294,100,4,2,1,1,1,1,1,1,1,1,1,1,1,1,1,1,1,1,1,1,1,1,1,1,1,1,2,1,1,1,1,1,1,1
3221,714655,233,29,73,39,13,3,2,2,1,3,2,1,2,2,2,2,2,2,1,1,2,1,1,2,3,2,2,2,2,2,1,1,1,1,1,1,1,1
3222,714655,234,149,73,39,13,2,2,2,1,3,2,1,2,2,2,2,2,2,1,1,2,1,1,2,3,2,2,2,2,2,2,1,1,1,1,1,1,1
3223,714655,235,277,214,39,13,2,2,2,1,3,2,1,2,2,2,2,2,2,1,1,2,1,1,2,3,2,2,2,2,2,2,1,1,1,1,1,1,1
3256,717238,236,281,169,203,4,2,2,1,1,1,1,1,1,1,1,1,1,1,1,1,1,1,1,1,1,1,1,1,1,1,2,1,1,1,1,1,1,1
3259,71829,237,99,44,207,4,2,1,1,1,1,1,1,1,1,1,1,1,1,1,1,1,1,1,1,1,1,1,1,1,1,2,1,1,1,1,1,1,1
3263,718449,238,414,206,290,4,2,1,1,1,1,1,1,1,1,1,1,1,1,1,1,1,1,1,1,1,1,1,1,1,1,2,1,1,1,1,1,1,1
3265,718482,239,227,129,102,4,2,2,1,1,1,1,1,1,1,1,1,1,1,1,1,1,1,1,1,1,1,1,1,1,1,2,1,1,1,1,1,1,1
3311,72207,244,312,366,208,4,2,2,1,1,1,1,1,1,1,1,1,1,1,1,1,1,1,1,1,1,1,1,1,1,1,2,1,1,1,1,1,1,1
3312,72207,245,368,366,208,4,2,2,1,1,1,1,1,1,1,1,1,1,1,1,1,1,1,1,1,1,1,1,1,1,1,2,1,1,1,1,1,1,1
3313,72207,246,427,366,208,4,2,2,1,1,1,1,1,1,1,1,1,1,1,1,1,1,1,1,1,1,1,1,1,1,1,2,1,1,1,1,1,1,1
3314,72207,246,427,366,208,4,2,2,1,1,1,1,1,1,1,1,1,1,1,1,1,1,1,1,1,1,1,1,1,1,1,2,1,1,1,1,1,1,1
3315,72207,247,528,418,208,4,2,2,1,1,1,1,1,1,1,1,1,1,1,1,1,1,1,1,1,1,1,1,1,1,1,2,1,1,1,1,1,1,1
3316,72207,248,536,418,208,4,2,2,1,1,1,1,1,1,1,1,1,1,1,1,1,1,1,1,1,1,1,1,1,1,1,2,1,1,1,1,1,1,1
3318,722079,240,77,18,295,14,2,2,1,1,1,1,1,1,1,1,1,1,1,1,1,1,1,1,1,1,1,1,1,1,1,2,1,1,1,1,1,1,1
3319,722079,241,421,378,295,14,2,2,1,1,1,1,1,1,1,1,1,1,1,1,1,1,1,1,1,1,1,1,1,1,1,2,1,1,1,1,1,1,1
3320,722079,242,426,378,295,14,2,2,1,1,1,1,1,1,1,1,1,1,1,1,1,1,1,1,1,1,1,1,1,1,1,2,1,1,1,1,1,1,1
3321,722079,243,434,311,295,14,2,2,1,1,1,1,1,1,1,1,1,1,1,1,1,1,1,1,1,1,1,1,1,1,1,2,1,1,1,1,1,1,1
3322,722079,243,434,311,295,14,2,2,1,1,1,1,1,1,1,1,1,1,1,1,1,1,1,1,1,1,1,1,1,1,1,2,1,1,1,1,1,1,1
3330,722104,249,8,351,264,4,3,2,1,1,1,1,1,1,1,1,1,1,1,1,1,1,1,1,1,1,1,1,1,1,1,2,1,1,1,1,1,1,1
3331,722104,249,8,351,264,4,3,2,1,1,1,1,1,1,1,1,1,1,1,1,1,1,1,1,1,1,1,1,1,1,1,2,1,1,1,1,1,1,1
3348,723371,250,18,2,138,4,2,2,1,1,1,3,2,1,1,1,1,1,2,1,1,2,1,1,2,3,3,2,2,2,2,2,1,1,1,1,1,1,1
3352,723527,251,68,49,186,6,2,2,1,1,3,1,1,3,1,1,1,1,1,1,1,1,1,1,1,1,1,1,1,1,1,2,1,1,1,1,1,1,1
3353,723527,252,93,49,186,6,2,2,1,1,3,1,1,3,1,1,1,1,1,1,1,1,1,1,1,1,1,1,1,1,1,2,1,1,1,1,1,1,1
3364,723531,253,109,42,226,4,2,2,1,1,1,1,1,1,1,1,1,1,1,1,1,1,1,1,1,1,1,1,1,1,1,2,1,1,1,1,1,1,1
3365,723531,254,192,100,226,4,2,2,1,1,1,1,1,1,1,1,1,1,1,1,1,1,1,1,1,1,1,1,1,1,1,2,1,1,1,1,1,1,1
3366,723531,255,290,178,226,4,2,2,1,1,1,1,1,1,1,1,1,1,1,1,1,1,1,1,1,1,1,1,1,1,1,2,1,1,1,1,1,1,1
3379,725549,256,278,164,179,23,2,2,1,1,1,1,1,1,1,1,1,1,1,1,1,1,1,1,1,1,1,1,1,1,1,2,1,1,1,1,1,1,1
3391,726514,257,273,165,104,26,2,1,1,1,1,3,2,1,1,1,1,1,1,1,1,1,1,1,1,1,1,1,1,1,1,2,1,1,1,1,1,1,1
3392,726514,258,331,215,104,26,2,1,1,1,1,3,2,1,1,1,1,1,1,1,1,1,1,1,1,1,1,1,1,1,1,2,1,1,1,1,1,1,1
3393,726514,259,491,368,104,26,2,1,1,1,1,3,2,1,1,1,1,1,1,1,1,1,1,1,1,1,1,1,1,1,1,2,1,1,1,1,1,1,1
3395,726854,260,248,157,63,38,2,2,1,1,1,1,1,1,1,1,1,1,1,1,1,1,1,1,1,1,1,1,1,1,1,2,1,1,1,1,1,1,1
3396,726854,261,352,232,63,38,2,2,1,1,1,1,1,1,1,1,1,1,1,1,1,1,1,1,1,1,1,1,1,1,1,2,1,1,1,1,1,1,1
3397,726854,262,449,330,63,38,2,2,1,1,1,1,1,1,1,1,1,1,1,1,1,1,1,1,1,1,1,1,1,1,1,2,1,1,1,1,1,1,1
3398,726958,263,156,400,52,8,2,2,1,1,1,1,1,1,1,1,1,1,1,1,1,1,1,1,3,1,1,1,1,1,1,2,1,1,1,1,1,1,1
3401,728535,264,424,305,153,1,2,2,1,1,1,1,1,1,1,1,1,1,1,1,1,1,1,1,1,1,1,1,1,1,1,2,1,1,1,1,1,1,1
3408,72971,265,99,32,324,4,2,2,2,1,3,2,1,3,1,1,1,1,1,1,1,1,1,1,1,1,1,1,1,1,1,2,1,1,1,1,1,1,1
3420,73020,266,41,28,211,26,2,2,1,1,1,1,1,1,1,1,1,1,1,1,1,1,1,1,1,1,1,1,1,1,1,2,1,1,1,1,1,1,1
3421,73020,267,53,28,211,26,2,2,1,1,1,1,1,1,1,1,1,1,1,1,1,1,1,1,1,1,1,1,1,1,1,2,1,1,1,1,1,1,1
3422,73020,268,69,28,211,26,2,2,1,1,1,1,1,1,1,1,1,1,1,1,1,1,1,1,1,1,1,1,1,1,1,2,1,1,1,1,1,1,1
3431,730464,269,36,427,3,4,2,2,1,1,1,1,1,1,1,1,1,1,1,1,1,1,1,1,1,1,1,1,1,1,1,2,1,1,1,1,1,1,1
3432,730464,270,83,427,3,4,2,2,1,1,1,1,1,1,1,1,1,1,1,1,1,1,1,1,1,1,1,1,1,1,1,2,1,1,1,1,1,1,1
3433,730464,271,143,60,3,4,2,2,1,1,1,1,1,1,1,1,1,1,1,1,1,1,1,1,1,1,1,1,1,1,1,2,1,1,1,1,1,1,1
3434,730464,272,152,427,3,4,2,2,1,1,1,1,1,1,1,1,1,1,1,1,1,1,1,1,1,1,1,1,1,1,1,2,1,1,1,1,1,1,1
3435,730464,273,475,427,3,4,2,2,1,1,1,1,1,1,1,1,1,1,1,1,1,1,1,1,1,1,1,1,1,1,1,2,1,1,1,1,1,1,1
3436,730464,274,531,426,3,4,2,2,1,1,1,1,1,1,1,1,1,1,1,1,1,1,1,1,3,1,1,1,1,1,1,2,1,1,1,1,1,1,1
3447,73124,275,42,77,210,4,2,2,1,1,1,1,1,1,1,1,1,1,1,1,1,1,1,1,1,1,1,1,1,1,1,2,1,1,1,1,1,1,1
3458,73309,276,215,152,212,4,2,1,1,1,1,1,1,1,1,1,1,1,1,1,1,1,1,1,1,1,1,1,1,1,1,2,1,1,1,1,1,1,1
3459,73309,277,340,247,212,4,2,1,1,1,1,3,2,1,1,1,1,1,2,1,1,2,1,1,2,3,2,2,2,2,2,2,1,1,1,1,1,1,1
3469,736994,278,118,48,12,24,2,2,1,1,3,3,2,1,3,1,1,1,2,1,1,2,1,1,2,3,3,2,2,2,2,2,1,1,1,1,1,1,1
3470,736994,279,189,97,12,24,2,2,1,1,3,3,2,1,3,1,1,1,2,1,1,2,1,1,2,3,3,2,2,2,2,2,1,1,1,1,1,1,1
3471,736994,280,240,138,12,24,2,2,1,1,3,3,2,1,3,1,1,1,2,1,1,2,1,1,2,3,3,2,2,2,2,2,1,1,1,1,1,1,1
3472,736994,281,251,150,12,24,2,2,1,1,3,3,2,1,3,1,1,1,2,1,1,2,1,1,2,3,3,2,2,2,2,2,1,1,1,1,1,1,1
3473,736994,282,314,198,12,24,2,2,1,1,3,3,3,1,3,1,1,1,2,1,1,2,1,1,2,3,3,2,2,2,2,2,1,1,1,1,1,1,1
3485,738076,283,73,16,1,3,2,2,1,1,3,1,1,3,1,1,1,1,1,1,1,1,1,1,1,1,1,1,1,1,1,2,1,1,1,1,1,1,1
3486,738076,284,101,37,1,3,2,2,1,1,3,1,1,3,1,1,1,1,1,1,1,1,1,1,1,1,1,1,1,1,1,2,1,1,1,1,1,1,1
3487,738076,285,146,70,1,3,2,2,1,1,3,1,1,3,1,1,1,1,1,1,1,1,1,1,1,1,1,1,1,1,1,2,1,1,1,1,1,1,1
3491,73902,286,339,225,85,4,2,2,1,1,1,1,1,1,1,1,1,1,1,1,1,1,1,1,1,1,1,1,1,1,1,2,1,1,1,1,1,1,1
3494,739708,287,100,40,64,31,2,2,1,1,1,1,1,1,1,1,1,1,1,1,1,1,1,1,1,1,3,1,1,1,1,2,1,1,1,1,1,1,1
3508,740260,288,24,39,319,4,2,2,1,1,1,1,1,1,1,1,1,1,1,1,1,1,1,1,1,1,1,1,1,1,1,2,1,1,1,1,1,1,1
3512,740670,289,246,290,194,4,2,2,1,1,1,1,1,1,1,1,1,1,1,1,1,1,1,1,1,1,1,1,1,1,1,2,1,1,1,1,1,1,1
3513,740670,290,359,290,194,4,2,2,1,1,1,1,1,1,1,1,1,1,1,1,1,1,1,1,2,1,1,1,1,1,1,2,1,1,1,1,1,1,1
3514,740670,291,410,290,194,4,2,2,1,1,1,1,1,1,1,1,1,1,1,1,1,1,1,1,2,1,1,1,1,1,1,2,1,1,1,1,1,1,1
3520,740796,292,223,189,124,5,2,1,2,1,2,2,1,2,1,1,1,1,1,1,1,1,1,1,1,1,1,1,1,1,1,2,1,1,1,1,1,1,1
3558,744106,293,141,67,121,4,2,2,3,1,1,1,1,1,1,1,1,1,1,1,1,1,1,1,1,1,1,1,1,1,1,2,1,1,1,1,1,1,1
3563,745308,294,216,392,275,5,2,2,2,1,2,2,1,2,2,2,2,2,1,1,1,1,1,1,1,1,1,1,1,1,1,2,1,1,1,1,1,1,1
3564,745308,295,406,392,275,5,2,2,2,1,2,2,1,2,2,2,2,2,1,1,1,1,1,1,1,1,1,1,1,1,1,2,1,1,1,1,1,1,1
3565,745308,296,505,392,275,5,2,2,2,1,2,2,1,2,2,2,2,2,1,1,1,1,1,1,1,1,1,1,1,1,1,2,1,1,1,1,1,1,1
3574,746515,297,151,81,114,36,2,1,1,1,1,1,1,1,1,1,1,1,1,1,1,1,1,1,1,1,1,1,1,1,1,2,1,1,1,1,1,1,1
3575,746515,298,268,269,114,36,2,1,1,1,1,1,1,1,1,1,1,1,1,1,1,1,1,1,1,1,1,1,1,1,1,2,1,1,1,1,1,1,1
3576,746515,299,376,269,114,36,2,1,1,1,1,1,1,1,1,1,1,1,1,1,1,1,1,1,1,1,1,1,1,1,1,2,1,1,1,1,1,1,1
3609,75208,300,456,329,220,4,2,2,1,1,1,1,1,1,1,1,1,1,1,1,1,1,1,1,1,1,1,1,1,1,1,2,1,1,1,1,1,1,1
3623,753568,301,319,199,113,4,2,2,1,1,1,1,1,1,1,1,1,1,1,1,1,1,1,1,1,1,1,1,1,1,1,2,1,1,1,1,1,1,1
3624,753568,302,322,200,113,4,2,2,1,1,1,1,1,1,1,1,1,1,1,1,1,1,1,1,1,1,1,1,1,1,1,2,1,1,1,1,1,1,1
3655,76267,303,30,257,223,24,3,1,1,1,1,1,1,1,1,1,1,1,1,1,1,1,1,1,1,1,1,1,1,1,1,2,1,1,1,1,1,1,1
3659,76321,304,157,75,225,4,2,1,1,1,1,1,1,3,1,1,1,1,1,1,1,1,1,1,1,1,1,1,1,1,1,2,1,1,1,1,1,1,1
3672,764244,305,285,173,160,31,2,2,1,1,1,1,1,1,1,1,1,1,1,1,1,1,1,1,1,1,1,1,1,1,1,2,1,1,1,1,1,1,1
3673,764244,306,380,262,160,31,2,2,1,1,1,1,1,1,1,1,1,1,1,1,1,1,1,1,1,1,1,1,1,1,1,2,1,1,1,1,1,1,1
3674,764401,307,258,161,156,20,2,2,1,1,1,3,2,1,1,1,1,1,1,1,1,1,1,1,1,1,1,1,1,1,1,2,1,1,1,1,1,1,1
3675,764401,308,499,381,156,20,2,2,1,1,1,3,2,1,1,1,1,1,1,1,1,1,1,1,1,1,1,1,1,1,1,2,1,1,1,1,1,1,1
3691,767920,309,182,109,234,4,2,1,1,1,1,1,1,1,1,1,1,1,1,1,1,1,1,1,1,1,1,1,1,1,1,2,1,1,1,1,1,1,1
3692,767920,310,184,109,234,4,2,1,1,1,1,3,3,1,1,1,1,1,3,2,2,1,1,1,1,2,1,1,1,1,1,2,1,1,1,1,1,1,1
3693,767920,311,221,134,234,4,2,1,1,1,1,3,3,1,1,1,1,1,3,2,2,1,1,1,1,2,1,1,1,1,1,2,1,1,1,1,1,1,1
3707,769644,312,182,103,72,4,2,2,1,1,3,1,1,3,1,1,1,1,1,1,1,1,1,1,1,1,1,1,1,1,1,2,1,1,1,1,1,1,1
3708,769644,312,182,103,72,4,2,2,1,1,3,1,1,3,1,1,1,1,1,1,1,1,1,1,1,1,1,1,1,1,1,2,1,1,1,1,1,1,1
3712,770944,313,435,314,31,4,2,2,1,1,3,3,2,3,1,1,1,1,1,1,1,1,1,1,1,1,3,1,1,1,1,2,1,1,1,1,1,1,1
3717,772406,314,94,41,62,3,2,2,1,1,3,1,1,3,1,1,1,1,1,1,1,1,1,1,1,1,1,1,1,1,1,2,1,1,1,1,1,1,1
3725,773660,315,2,168,309,4,2,2,1,1,1,1,1,1,1,1,1,1,1,1,1,1,1,1,1,1,1,1,1,1,1,2,1,1,1,1,1,1,1
3726,773660,316,16,168,309,4,2,2,1,1,1,1,1,1,1,1,1,1,1,1,1,1,1,1,1,1,1,1,1,1,1,2,1,1,1,1,1,1,1
3727,773660,317,122,168,309,4,2,2,1,1,3,1,1,3,1,1,1,1,1,1,1,1,1,1,1,1,1,1,1,1,1,2,1,1,1,1,1,1,1
3728,773660,318,130,168,309,4,2,2,1,1,3,1,1,3,1,1,1,1,1,1,1,1,1,1,1,1,1,1,1,1,1,2,1,1,1,1,1,1,1
3729,773660,319,264,168,308,4,2,2,1,1,3,1,1,3,1,1,1,1,1,1,1,1,1,1,1,1,1,1,1,1,1,2,1,1,1,1,1,1,1
3730,773660,320,442,404,141,4,2,2,1,1,3,1,1,3,1,1,1,1,1,1,1,1,1,1,1,1,1,1,1,1,1,2,1,1,1,1,1,1,1
3731,773660,321,471,404,141,4,2,2,1,1,3,1,1,3,1,1,1,1,1,1,1,1,1,1,1,1,1,1,1,1,1,2,1,1,1,1,1,1,1
3732,773660,322,483,404,141,4,2,2,1,1,3,1,1,3,1,1,1,1,1,1,1,1,1,1,1,1,1,1,1,1,1,2,1,1,1,1,1,1,1
3733,773660,323,518,404,141,4,2,2,1,1,3,1,1,3,1,1,1,1,1,1,1,1,1,1,1,1,1,1,1,1,1,2,1,1,1,1,1,1,1
3763,779152,324,154,98,143,4,2,2,1,1,1,1,1,1,1,1,1,1,3,3,3,1,1,1,1,1,1,1,1,1,1,2,1,1,1,1,1,1,1
3764,779152,325,194,141,143,4,2,2,1,1,1,1,1,1,1,1,1,1,3,3,3,1,1,1,1,1,1,1,1,1,1,2,1,1,1,1,1,1,1
3765,779152,326,333,217,143,4,2,2,1,1,1,1,1,1,1,1,1,1,3,3,3,1,1,1,1,1,1,1,1,1,1,2,1,1,1,1,1,1,1
3767,780434,327,155,72,250,4,2,2,1,1,2,2,1,2,2,2,2,1,1,1,1,1,1,1,1,1,1,1,1,1,1,2,1,1,1,1,1,1,1
3769,78066,328,181,92,231,24,2,2,1,1,1,1,1,1,1,1,1,1,1,1,1,1,1,1,1,1,1,1,1,1,1,2,1,1,1,1,1,1,1
3774,78239,329,39,9,241,4,2,2,1,1,1,1,1,1,1,1,1,1,1,1,1,1,1,1,1,1,1,1,1,1,1,2,1,1,1,1,1,1,1
3775,78239,330,48,9,241,4,2,2,1,1,1,1,1,1,1,1,1,1,1,1,1,1,1,1,1,1,1,1,1,1,1,2,1,1,1,1,1,1,1
3776,78239,331,134,61,241,4,2,2,1,1,1,1,1,1,1,1,1,1,1,1,1,1,1,1,1,1,1,1,1,1,1,2,1,1,1,1,1,1,1
3777,78239,332,385,266,241,4,2,2,1,1,1,3,1,1,1,1,1,1,1,1,1,1,1,1,1,1,1,1,1,1,1,2,1,1,1,1,1,1,1
3778,78239,333,457,347,241,4,2,2,1,1,1,3,1,1,1,1,1,1,1,1,1,1,1,1,1,1,1,1,1,1,1,2,1,1,1,1,1,1,1
3779,78239,334,472,347,241,4,2,2,1,1,1,3,1,1,1,1,1,1,1,1,1,1,1,1,1,1,1,1,1,1,1,2,1,1,1,1,1,1,1
3780,78239,335,476,352,241,4,2,2,1,1,1,3,1,1,1,1,1,1,1,1,1,1,1,1,1,1,1,1,1,1,1,2,1,1,1,1,1,1,1
3781,78239,336,503,384,241,4,2,2,1,1,1,3,1,1,1,1,1,1,1,1,1,1,1,1,1,1,1,1,1,1,1,2,1,1,1,1,1,1,1
3782,78239,337,520,402,241,4,2,2,1,1,1,3,1,1,1,1,1,1,1,1,1,1,1,1,1,1,1,1,1,1,1,2,1,1,1,1,1,1,1
3783,78239,338,538,419,241,4,2,2,1,1,1,3,1,1,1,1,1,1,1,1,1,1,1,1,1,1,1,1,1,1,1,2,1,1,1,1,1,1,1
3795,78460,339,162,95,232,20,2,2,1,1,1,1,1,1,1,1,1,1,1,1,1,1,1,1,1,1,1,1,1,1,1,2,1,1,1,1,1,1,1
3805,78749,340,138,403,5,25,2,2,1,1,1,1,1,1,1,1,1,1,1,1,1,1,1,1,1,1,1,1,1,1,1,2,1,1,1,1,1,1,1
3806,78749,341,187,403,5,25,2,2,1,1,3,3,2,3,1,1,1,1,1,1,1,1,1,1,1,1,3,1,1,1,1,2,1,1,1,1,1,1,1
3827,789570,342,185,111,193,4,2,2,1,1,1,1,1,1,1,1,1,1,1,1,1,1,1,1,1,1,1,1,1,1,1,2,1,1,1,1,1,1,1
3829,790051,343,163,74,50,4,2,2,1,1,1,1,1,1,1,1,1,1,1,1,1,1,1,1,1,1,1,1,1,1,1,2,1,1,1,1,1,1,1
3830,790051,344,259,185,50,4,2,2,1,1,1,1,1,1,1,1,1,1,1,1,1,1,1,1,1,1,1,1,1,1,1,2,1,1,1,1,1,1,1
3839,790070,345,537,419,106,13,1,1,1,1,1,1,1,1,1,1,1,1,1,1,1,1,1,1,1,1,1,1,1,1,1,2,1,1,1,1,1,1,1
3864,791915,346,111,185,93,4,2,2,1,1,1,1,1,1,1,1,1,1,1,1,1,1,1,1,1,1,1,1,1,1,1,2,1,1,1,1,1,1,1
3865,791915,346,111,185,93,4,2,2,1,1,1,1,1,1,1,1,1,1,1,1,1,1,1,1,1,1,1,1,1,1,1,2,1,1,1,1,1,1,1
3868,792985,347,254,179,140,4,2,1,2,1,1,1,1,1,1,1,1,1,1,1,1,1,1,1,1,1,1,1,1,1,1,2,1,1,1,1,1,1,1
3878,79326,348,15,160,236,4,2,2,2,1,3,1,1,3,1,1,1,1,3,3,3,1,1,1,1,1,1,1,1,1,1,2,1,1,1,1,1,1,1
3973,799288,349,63,7,170,4,2,1,2,1,2,2,1,3,2,2,2,2,1,1,1,1,1,1,1,1,1,1,1,1,1,2,1,1,1,1,1,1,1
3983,799729,350,532,425,222,13,2,2,1,1,1,1,1,1,1,1,1,1,1,1,1,1,1,1,1,1,1,1,1,1,1,2,1,1,1,1,1,1,1
3986,800240,351,231,144,215,4,2,2,1,1,1,1,1,1,1,1,1,1,1,1,1,1,1,1,1,1,1,1,1,1,1,2,1,1,1,1,1,1,1
3987,800459,352,397,283,137,4,2,2,1,1,1,1,1,1,1,1,1,1,1,1,1,1,1,1,1,1,1,1,1,1,1,2,1,1,1,1,1,1,1
3988,800459,353,524,407,137,4,2,2,1,1,1,1,1,1,1,1,1,1,1,1,1,1,1,1,3,1,1,1,1,1,1,2,1,1,1,1,1,1,1
3994,801622,354,399,282,316,4,2,2,1,1,3,1,1,3,1,1,1,2,1,1,1,1,1,1,1,1,1,1,1,1,1,2,1,1,1,1,1,1,1
4002,80293,355,92,52,237,4,2,2,1,1,3,1,1,3,1,1,1,1,1,1,1,1,1,1,1,1,1,1,1,1,1,2,1,1,1,1,1,1,1
4016,804328,356,299,272,243,4,2,2,1,1,1,1,1,1,1,1,1,1,1,1,1,1,1,1,1,1,1,1,1,1,1,2,1,1,1,1,1,1,1
4017,804328,357,420,300,243,4,2,2,1,1,1,1,1,1,1,1,1,1,3,3,3,1,1,1,1,1,1,1,1,1,1,2,1,1,1,1,1,1,1
4038,805676,358,121,53,224,25,2,2,1,1,1,1,1,1,1,1,1,1,1,1,1,1,1,1,1,1,1,1,1,1,1,2,1,1,1,1,1,1,1
4039,805676,359,168,92,224,25,2,2,1,1,1,1,1,1,1,1,1,1,1,1,1,1,1,1,1,1,1,1,1,1,1,2,1,1,1,1,1,1,1
4040,805676,360,487,364,224,25,2,2,1,1,1,3,3,1,3,1,1,1,1,1,1,1,1,1,1,1,3,1,1,1,1,2,1,1,1,1,1,1,1
4109,812900,361,52,34,261,30,2,2,1,1,1,1,1,1,1,1,1,1,1,1,1,1,1,1,1,1,1,1,1,1,1,2,1,1,1,1,1,1,1
4110,812900,362,89,30,261,30,2,2,1,1,1,3,2,1,1,1,1,1,1,1,1,1,1,1,1,1,1,1,1,1,1,2,1,1,1,1,1,1,1
4111,812900,363,96,34,261,30,2,2,1,1,1,3,2,1,1,1,1,1,1,1,1,3,3,2,1,1,1,1,1,1,1,2,1,1,1,1,1,1,1
4112,812900,364,116,51,261,30,2,2,1,1,1,3,2,1,1,1,1,1,1,1,1,3,3,2,1,1,1,1,1,1,1,2,1,1,1,1,1,1,1
4123,813672,365,117,188,47,4,2,2,1,1,1,3,2,1,1,1,1,1,1,1,1,1,1,1,1,1,3,1,1,1,1,2,1,1,1,1,1,1,1
4124,813672,366,214,137,47,4,2,2,1,1,1,3,2,1,1,1,1,1,1,1,1,1,1,1,1,1,3,1,1,1,1,2,1,1,1,1,1,1,1
4158,815556,1,25,451,120,17,2,2,1,1,1,1,1,1,1,1,1,1,1,1,1,1,1,1,1,1,1,1,1,1,1,2,1,1,1,1,1,1,1
4159,815556,1,34,451,120,17,2,2,1,1,3,1,1,3,1,1,1,1,1,1,1,1,1,1,1,1,1,1,1,1,1,2,1,1,1,1,1,1,1
4160,815556,1,42,451,120,17,2,2,1,1,3,1,1,3,1,1,1,1,1,1,1,1,1,1,1,1,1,1,1,1,1,2,1,1,1,1,1,1,1
4161,815556,1,371,451,119,17,2,2,1,1,3,1,1,3,1,1,1,1,1,1,1,1,1,1,1,1,1,1,1,1,1,2,1,1,1,1,1,1,1
4162,815556,1,437,451,119,17,2,2,1,1,3,1,1,3,1,1,1,1,1,1,1,1,1,1,1,1,1,1,1,1,1,2,1,1,1,1,1,1,1
4163,815556,1,517,451,119,17,2,2,1,1,3,1,1,3,1,1,1,1,1,1,1,1,1,1,1,1,1,1,1,1,1,2,1,1,1,1,1,1,1
4164,815556,367,526,451,119,17,2,2,1,1,3,1,1,3,1,1,1,1,1,1,1,1,1,1,1,1,1,1,1,1,1,2,1,1,1,1,1,1,1
4215,820096,368,416,298,229,16,2,2,1,1,1,1,1,1,1,1,1,1,1,1,1,1,1,1,1,1,1,1,1,1,1,2,1,1,1,1,1,1,1
4225,820626,369,78,96,200,4,2,2,1,1,1,1,1,1,1,1,1,1,1,1,1,1,1,1,1,1,1,1,1,1,1,2,1,1,1,1,1,1,1
4226,820626,369,78,96,200,4,2,2,1,1,1,1,1,1,1,1,1,1,1,1,1,1,1,1,1,1,1,1,1,1,1,2,1,1,1,1,1,1,1
4235,821002,370,455,331,127,4,2,2,1,1,1,1,1,1,1,1,1,1,1,1,1,1,1,1,1,1,1,1,1,1,1,2,1,1,1,1,1,1,1
4236,821002,371,519,401,127,4,2,2,1,1,1,1,1,1,1,1,1,1,1,1,1,1,1,1,1,1,1,1,1,1,1,2,1,1,1,1,1,1,1
4237,821002,372,558,442,127,4,2,2,1,1,1,1,1,1,1,1,1,1,1,1,1,1,1,1,1,1,1,1,1,1,1,2,1,1,1,1,1,1,1
4239,821189,373,45,1,109,4,2,1,1,1,2,1,1,1,1,1,1,1,1,1,1,1,1,1,1,1,1,1,1,1,1,2,1,1,1,1,1,1,1
4240,821189,374,71,24,109,4,2,1,1,1,2,1,1,1,1,1,1,1,1,1,1,1,1,1,1,1,1,1,1,1,1,2,1,1,1,1,1,1,1
4241,821189,375,132,57,109,4,2,1,1,1,2,1,1,1,1,1,1,1,1,1,1,1,1,1,1,1,1,1,1,1,1,2,1,1,1,1,1,1,1
4242,821189,376,173,106,109,4,2,1,1,1,3,1,1,3,1,1,1,1,1,1,1,1,1,1,1,1,1,1,1,1,1,2,1,1,1,1,1,1,1
4243,821189,377,425,308,109,4,2,1,1,1,3,1,1,3,1,1,1,1,1,1,1,1,1,1,1,1,1,1,1,1,1,2,1,1,1,1,1,1,1
4244,821189,378,562,446,109,4,2,1,1,1,3,1,1,3,1,1,1,1,1,1,1,1,1,1,1,1,1,1,1,1,1,2,1,1,1,1,1,1,1
4250,823094,379,458,327,273,4,2,2,3,1,1,1,1,1,1,1,1,1,1,1,1,1,1,1,1,1,1,1,1,1,1,2,1,1,1,1,1,1,1
4269,825542,380,74,17,267,25,2,2,2,1,2,2,1,2,2,2,2,2,2,1,1,2,1,1,2,4,2,2,2,2,2,1,1,1,1,1,1,1,1
4301,829750,381,306,187,32,15,2,2,1,1,1,1,1,1,1,1,1,1,1,1,1,1,1,1,1,1,1,1,1,1,1,2,1,1,1,1,1,1,1
4324,833081,382,70,81,235,11,2,2,1,1,1,1,1,1,1,1,1,1,1,1,1,1,1,1,1,1,1,1,1,1,1,2,1,1,1,1,1,1,1
4325,833081,383,162,81,235,11,2,2,1,1,1,1,1,1,1,1,1,1,1,1,1,1,1,1,1,1,1,1,1,1,1,2,1,1,1,1,1,1,1
4344,835910,384,35,166,15,13,2,2,1,1,1,1,1,1,1,1,1,1,1,1,1,1,1,1,1,1,1,1,1,1,1,2,1,1,1,1,1,1,1
4345,835910,385,37,166,15,13,2,2,3,1,1,1,1,1,1,1,1,1,1,1,1,1,1,1,1,1,1,1,1,1,1,2,1,1,1,1,1,1,1
4346,835910,386,70,166,15,13,2,2,3,1,1,1,1,1,1,1,1,1,1,1,1,1,1,1,1,1,1,1,1,1,1,2,1,1,1,1,1,1,1
4347,835910,387,263,166,15,13,2,2,3,1,1,1,1,1,1,1,1,1,1,1,1,1,1,1,1,1,1,1,1,1,1,2,1,1,1,1,1,1,1
4355,836157,388,161,80,177,4,2,2,1,1,1,1,1,1,1,1,1,1,1,1,1,1,1,1,1,1,1,1,1,1,1,2,1,1,1,1,1,1,1
4377,84129,389,49,31,252,4,2,2,1,1,1,1,1,1,1,1,2,1,1,1,1,1,1,1,1,1,1,1,1,1,1,2,1,1,1,1,1,1,1
4397,842662,390,126,79,332,4,2,2,1,1,1,1,1,1,1,1,1,1,1,1,1,1,1,1,1,1,1,1,1,1,1,2,1,1,1,1,1,1,1
4401,844965,391,102,285,298,4,2,1,1,1,1,1,1,1,1,1,1,1,1,1,1,1,1,1,1,1,1,1,1,1,1,2,1,1,1,1,1,1,1
4402,844965,392,404,287,298,4,2,1,1,1,1,1,1,1,1,1,1,1,1,1,1,1,1,1,1,1,1,1,1,1,1,2,1,1,1,1,1,1,1
4403,844965,393,445,320,298,4,2,1,1,1,1,1,1,1,1,1,1,1,1,1,1,1,1,1,3,1,3,1,1,1,1,2,1,1,1,1,1,1,1
4436,850141,394,103,65,149,4,2,2,1,1,1,1,1,1,1,1,1,1,1,1,1,1,1,1,1,1,1,1,1,1,1,2,1,1,1,1,1,1,1
4437,850141,395,144,65,149,4,2,2,1,1,3,1,1,3,1,1,1,1,1,1,1,1,1,1,1,1,1,1,1,1,1,2,1,1,1,1,1,1,1
4438,850141,396,321,203,149,4,2,2,1,1,3,1,1,3,1,1,1,1,1,1,1,1,1,1,1,1,1,1,1,1,1,2,1,1,1,1,1,1,1
4447,850429,397,268,302,302,34,2,2,1,1,1,1,1,1,1,1,1,1,1,1,1,1,1,1,1,1,1,1,1,1,1,2,1,1,1,1,1,1,1
4451,850693,398,309,203,11,4,2,1,1,1,3,1,1,3,1,1,1,1,1,1,1,1,1,1,1,1,1,1,1,1,1,2,1,1,1,1,1,1,1
4452,850693,399,460,332,11,4,2,1,1,1,3,1,1,3,1,1,1,1,1,1,1,1,1,1,1,1,1,1,1,1,1,2,1,1,1,1,1,1,1
4483,85388,1,1,303,253,14,1,1,1,1,1,1,1,1,1,1,1,1,1,1,1,1,1,1,1,1,1,1,1,1,1,2,1,1,1,1,1,1,1
4484,85408,400,502,383,254,4,2,2,1,1,1,3,3,1,3,1,1,1,1,1,1,1,1,1,1,1,1,2,1,1,1,2,1,1,1,1,1,1,1
4493,855658,401,50,127,171,4,2,1,1,1,1,1,1,1,1,1,1,1,1,1,1,1,1,1,1,1,1,1,1,1,1,2,1,1,1,1,1,1,1
4498,856716,402,343,224,325,4,3,1,1,1,1,3,2,1,1,1,1,1,1,1,1,1,1,1,1,1,1,1,1,1,1,2,1,1,1,1,1,1,1
4510,858558,403,294,193,246,4,2,2,1,1,1,1,1,1,1,1,1,1,1,1,1,1,1,1,1,1,1,1,1,1,1,2,1,1,1,1,1,1,1
4521,859139,404,174,90,96,4,2,2,3,2,1,1,1,1,1,1,1,1,1,1,1,1,1,1,1,1,1,1,1,1,1,2,1,1,1,1,1,1,1
4524,859360,405,175,89,173,4,2,2,1,1,1,3,2,1,1,1,1,1,1,1,1,1,1,1,1,1,3,1,1,1,1,2,1,1,1,1,1,1,1
4530,85961,406,120,453,258,5,2,2,1,1,1,3,1,1,1,1,1,1,1,1,1,1,1,1,1,1,3,1,1,1,1,2,1,1,1,1,1,1,1
4531,85974,407,423,306,259,14,2,2,3,2,3,2,1,3,2,2,3,1,1,1,1,1,1,1,1,1,1,1,1,1,1,2,1,1,1,1,1,1,1
4532,85974,408,490,372,259,14,2,2,3,2,3,2,1,3,2,2,3,1,1,1,1,1,1,1,1,1,1,1,1,1,1,2,1,1,1,1,1,1,1
4533,860097,409,61,6,318,4,2,2,2,1,3,1,1,3,1,1,1,1,1,1,1,1,1,1,1,1,1,1,1,1,1,2,1,1,1,1,1,1,1
4534,860097,410,119,46,318,4,2,2,2,1,3,1,1,3,1,1,1,1,1,1,1,1,1,1,1,1,1,1,1,1,1,2,1,1,1,1,1,1,1
4535,860097,411,166,82,318,3,2,2,2,1,3,1,1,3,1,1,1,1,1,1,1,1,1,1,1,1,1,1,1,1,1,2,1,1,1,1,1,1,1
4542,860731,412,267,222,306,4,2,2,1,1,1,1,1,1,1,1,1,1,1,1,1,1,1,1,1,1,1,1,1,1,1,2,1,1,1,1,1,1,1
4551,86144,413,128,56,260,4,2,2,1,1,1,1,1,3,1,1,1,1,1,1,1,1,1,1,1,1,1,1,1,1,1,2,1,1,1,1,1,1,1
4552,86144,414,409,291,260,4,2,2,1,1,1,1,1,3,1,1,1,1,1,1,1,1,1,1,1,1,1,1,1,1,1,2,1,1,1,1,1,1,1
4553,86144,415,507,386,260,4,2,2,1,1,1,1,1,3,1,1,1,1,1,1,1,3,3,2,1,1,1,1,1,1,1,2,1,1,1,1,1,1,1
4555,861459,416,217,157,133,4,2,2,1,1,1,1,1,1,1,1,1,1,1,1,1,1,1,1,1,1,1,1,1,1,1,2,1,1,1,1,1,1,1
4581,863157,417,432,313,230,4,3,2,1,1,1,1,1,1,1,1,1,1,1,1,1,1,1,1,1,1,1,1,1,1,1,2,1,1,1,1,1,1,1
4582,863157,418,493,369,230,4,3,2,1,1,1,1,1,1,1,1,1,1,1,1,1,1,1,1,3,1,1,1,1,1,1,2,1,1,1,1,1,1,1
4587,864749,419,21,155,303,3,3,2,2,1,2,2,1,2,2,2,2,2,2,1,1,2,1,1,2,3,2,2,2,2,2,1,1,1,1,1,1,1,1
4621,866729,420,335,209,265,4,2,2,3,2,1,1,1,1,1,1,1,1,1,1,1,1,1,1,3,4,1,1,1,1,1,2,1,1,1,1,1,1,1
4627,867058,421,206,145,191,4,2,2,1,1,1,1,1,1,1,1,1,1,1,1,1,1,1,1,1,1,1,1,1,1,1,2,1,1,1,1,1,1,1
4628,867058,422,258,181,191,4,2,2,1,1,1,1,1,1,1,1,1,1,1,1,1,1,1,1,1,1,1,1,1,1,1,2,1,1,1,1,1,1,1
4629,867058,423,316,223,191,4,2,2,1,1,1,1,1,1,1,1,1,1,1,1,1,1,1,1,1,1,1,1,1,1,1,2,1,1,1,1,1,1,1
4630,867058,424,407,294,191,4,2,2,1,1,1,1,1,1,1,1,1,1,1,1,1,1,1,1,1,1,1,1,1,1,1,2,1,1,1,1,1,1,1
4631,867058,424,407,294,191,4,2,2,1,1,1,1,1,1,1,1,1,1,1,1,1,1,1,1,1,1,1,1,1,1,1,2,1,1,1,1,1,1,1
4656,871763,425,501,392,180,37,2,NA,1,1,1,1,1,1,1,1,1,1,1,1,1,1,1,1,1,1,1,1,1,1,1,NA,1,1,1,1,1,1,1
4659,872589,426,148,64,247,24,2,1,1,1,1,3,2,1,1,1,1,1,1,1,1,3,3,2,1,3,1,2,1,1,1,2,1,1,1,1,1,1,1
4660,872589,427,361,247,247,24,2,1,3,1,1,3,2,1,1,1,1,1,1,1,1,3,3,2,1,3,1,2,1,1,1,2,1,1,1,1,1,1,1
4661,872589,428,461,336,247,24,2,1,3,1,1,3,2,1,1,1,1,1,1,1,1,3,3,2,1,3,1,2,1,1,1,2,1,1,1,1,1,1,1
4687,874691,429,169,302,219,4,2,2,1,1,1,1,1,1,1,1,1,1,1,1,1,1,1,1,1,1,1,1,1,1,1,2,1,1,1,1,1,1,1
4688,874691,430,443,323,219,4,2,2,1,1,1,1,1,1,1,1,1,1,1,1,1,1,1,1,1,1,1,1,1,1,1,2,1,1,1,1,1,1,1
4700,874841,431,145,82,221,3,2,2,1,1,3,1,1,3,1,1,1,1,1,1,1,1,1,1,1,1,1,1,1,1,1,2,1,1,1,1,1,1,1
4701,874841,432,190,117,221,3,2,2,1,1,3,1,1,3,1,1,1,1,1,1,1,1,1,1,1,1,1,1,1,1,1,2,1,1,1,1,1,1,1
4702,874841,433,381,224,221,3,2,2,1,1,3,1,1,3,1,1,1,1,1,1,1,1,1,1,1,1,1,1,1,1,1,2,1,1,1,1,1,1,1
4703,874841,433,381,224,221,3,2,2,1,1,3,1,1,3,1,1,1,1,1,1,1,1,1,1,1,1,1,1,1,1,1,2,1,1,1,1,1,1,1
4708,874992,434,197,111,248,4,2,2,1,1,1,1,1,1,1,1,1,1,1,1,1,1,1,1,1,1,1,1,1,1,1,2,1,1,1,1,1,1,1
4719,87565,435,17,43,266,4,2,1,1,1,1,1,1,1,1,1,1,1,1,1,1,1,1,1,1,1,1,1,1,1,1,2,1,1,1,1,1,1,1
4720,87565,436,27,19,266,4,2,1,1,1,1,1,1,1,1,1,1,1,1,1,1,1,1,1,1,1,1,1,1,1,1,2,1,1,1,1,1,1,1
4721,87565,437,54,43,266,4,2,1,1,1,1,1,1,1,1,1,1,1,1,1,1,1,1,1,1,1,1,1,1,1,1,2,1,1,1,1,1,1,1
4780,879407,438,496,379,28,4,2,2,1,1,1,1,1,1,1,1,1,1,1,1,1,1,1,1,1,1,1,1,1,1,1,2,1,1,1,1,1,1,1
4781,879407,439,523,406,28,4,2,2,1,1,1,1,1,1,1,1,1,1,1,1,1,1,1,1,1,1,1,1,1,1,1,2,1,1,1,1,1,1,1
4797,880631,440,183,93,328,4,2,2,1,1,1,1,1,1,1,1,1,1,1,1,1,1,1,1,1,1,1,1,1,1,1,2,1,1,1,1,1,1,1
4798,880631,441,280,168,328,4,2,2,1,1,1,1,1,1,1,1,1,1,1,1,1,1,1,1,1,1,1,1,1,1,1,2,1,1,1,1,1,1,1
4807,881791,442,126,59,314,4,2,2,1,1,1,1,1,1,1,1,1,1,1,1,1,1,1,1,1,1,1,1,1,1,1,2,1,1,1,1,1,1,1
4808,881791,443,389,285,313,4,2,2,1,1,1,1,1,1,1,1,1,1,1,1,1,1,1,1,1,1,1,1,1,1,1,2,1,1,1,1,1,1,1
4813,882104,444,357,246,239,4,2,2,1,1,1,1,1,1,1,1,2,1,1,1,1,1,1,1,1,1,1,1,1,1,1,2,1,1,1,1,1,1,1
4814,882104,445,438,318,227,4,2,2,1,1,1,1,1,1,1,1,2,1,1,1,1,1,1,1,1,1,1,1,1,1,1,2,1,1,1,1,1,1,1
4815,882104,446,541,423,227,4,2,2,1,1,1,1,1,1,1,1,2,1,1,1,1,1,1,1,1,1,1,1,1,1,1,2,1,1,1,1,1,1,1
4822,882289,447,98,358,24,4,2,1,1,1,1,1,1,1,1,1,1,1,1,1,1,1,1,1,1,1,1,1,1,1,1,2,1,1,1,1,1,1,1
4838,883943,448,325,231,60,4,2,2,1,1,1,1,1,1,1,1,1,1,1,1,1,1,1,1,1,1,1,1,1,1,1,2,1,1,1,1,1,1,1
4839,883943,448,325,231,60,4,2,2,1,1,1,1,1,1,1,1,1,1,1,1,1,1,1,1,1,1,1,1,1,1,1,2,1,1,1,1,1,1,1
4840,883943,449,355,256,60,4,2,2,1,1,1,1,1,1,1,1,1,1,1,1,1,1,1,1,1,1,1,1,1,1,1,2,1,1,1,1,1,1,1
4851,883977,450,136,88,53,4,2,2,1,1,3,1,1,3,1,1,1,1,1,1,1,1,1,1,1,1,1,1,1,1,1,2,1,1,1,1,1,1,1
4856,884217,451,282,170,287,31,2,2,1,1,1,1,1,1,1,1,1,1,1,1,1,1,1,1,1,1,1,1,1,1,1,2,1,1,1,1,1,1,1
4857,884217,452,543,424,287,31,2,2,1,1,1,1,1,1,1,1,1,1,1,1,1,1,1,1,1,1,1,1,1,1,1,2,1,1,1,1,1,1,1
4858,884217,453,548,429,287,31,2,2,1,1,1,1,1,1,1,1,1,1,1,1,1,1,1,1,1,1,1,1,1,1,1,2,1,1,1,1,1,1,1
4864,884614,454,429,312,307,27,2,2,1,1,3,1,1,1,1,1,1,1,1,1,1,1,1,1,1,1,1,1,1,1,1,2,1,1,1,1,1,1,1
4865,884614,455,551,432,307,27,2,2,1,1,3,1,1,1,1,1,1,1,1,1,1,1,1,1,1,1,1,1,1,1,1,2,1,1,1,1,1,1,1
4866,884624,456,104,233,218,36,2,2,1,1,1,1,1,1,1,1,1,1,1,1,1,1,1,1,1,1,1,2,1,1,1,2,1,1,1,1,1,1,1
4868,884629,457,127,59,323,23,2,1,2,1,1,1,1,3,1,1,1,1,1,1,1,1,1,1,1,4,1,1,1,1,1,2,1,1,1,1,1,1,1
4869,884629,458,498,377,323,23,2,1,2,1,3,1,1,3,1,1,1,1,1,1,1,1,1,1,1,4,3,1,1,1,1,2,1,1,1,1,1,1,1
4872,884887,459,224,172,255,32,2,2,2,1,3,1,1,1,1,1,1,1,1,1,1,1,1,1,1,1,1,1,1,1,1,2,1,1,1,1,1,1,1
4873,884887,460,266,162,255,32,2,2,2,1,3,1,1,1,1,1,1,1,1,1,1,1,1,1,1,1,3,1,1,1,1,2,1,1,1,1,1,1,1
4874,884887,461,318,207,255,32,2,2,2,1,3,1,1,1,1,1,1,1,1,1,1,1,1,1,1,1,3,1,1,1,1,2,1,1,1,1,1,1,1
4882,885551,462,302,182,317,4,2,2,2,1,3,1,1,3,1,1,1,1,1,1,1,1,1,1,1,1,1,1,1,1,1,2,1,1,1,1,1,1,1
4883,885551,463,413,396,317,4,2,2,2,1,3,1,1,3,1,1,1,1,1,1,1,1,1,1,1,1,1,1,1,1,1,2,1,1,1,1,1,1,1
4891,885708,464,159,212,213,4,2,2,1,1,1,2,1,1,1,1,1,1,1,1,1,1,1,1,1,1,1,1,1,1,1,2,1,1,1,1,1,1,1
4892,885708,465,372,270,213,4,2,2,3,1,1,2,1,1,1,1,1,1,1,1,1,1,1,1,1,1,1,1,1,1,1,2,1,1,1,1,1,1,1
4895,885725,466,208,157,41,4,2,1,1,1,1,1,1,1,1,1,1,1,1,1,1,1,1,1,1,1,1,1,1,1,1,2,1,1,1,1,1,1,1
4896,885725,467,396,285,41,4,2,1,1,1,1,1,1,1,1,1,1,1,1,1,1,1,1,1,1,1,1,1,1,1,1,2,1,1,1,1,1,1,1
4897,885725,468,441,334,41,4,2,1,1,1,1,1,1,1,1,1,1,1,1,1,1,1,1,1,1,1,1,1,1,1,1,2,1,1,1,1,1,1,1
4898,885725,469,465,344,41,4,2,1,1,1,1,1,1,1,1,1,1,1,1,1,1,1,1,1,1,1,1,1,1,1,1,2,1,1,1,1,1,1,1
4904,886046,470,440,316,27,27,2,2,1,1,1,1,1,1,1,1,1,1,1,1,1,1,1,1,3,1,1,1,1,1,1,2,1,1,1,1,1,1,1
4909,886158,471,135,62,35,24,2,2,1,1,1,1,1,1,1,1,1,1,1,1,1,1,1,1,1,1,1,1,1,1,1,2,1,1,1,1,1,1,1
4910,886158,472,176,100,35,24,2,2,1,1,1,1,1,1,1,1,1,1,1,1,1,1,1,1,3,1,3,1,1,1,1,2,1,1,1,1,1,1,1
4911,886158,473,228,128,35,24,2,2,1,1,1,1,1,1,1,1,1,1,1,1,1,1,1,1,3,1,3,1,1,1,1,2,1,1,1,1,1,1,1
4912,886158,474,354,240,35,24,2,2,1,1,1,1,1,1,1,1,1,1,1,1,1,1,1,1,3,1,3,1,1,1,1,2,1,1,1,1,1,1,1
4913,886158,475,494,370,35,24,2,2,1,1,1,1,1,1,1,1,1,1,1,1,1,1,1,1,2,1,3,2,1,1,1,2,1,1,1,1,1,1,1
4914,886206,476,419,315,125,33,2,2,1,1,3,1,1,1,1,1,1,1,1,1,1,1,1,1,1,1,1,1,1,1,1,2,1,1,1,1,1,1,1
4915,886206,476,419,315,125,33,2,2,1,1,3,1,1,1,1,1,1,1,1,1,1,1,1,1,1,1,1,1,1,1,1,2,1,1,1,1,1,1,1
4983,890926,477,276,250,245,4,2,1,1,1,1,1,1,1,1,1,1,1,1,1,1,1,1,1,1,1,1,1,1,1,1,2,1,1,1,1,1,1,1
4984,890926,478,353,250,245,4,1,1,1,1,1,1,1,1,1,1,1,1,1,1,1,1,1,1,1,1,1,1,1,1,1,2,1,1,1,1,1,1,1
4992,891103,479,158,84,183,4,2,2,3,1,1,1,1,1,1,1,1,1,1,1,1,1,1,1,1,1,1,1,1,1,1,2,1,1,1,1,1,1,1
4998,891178,480,152,71,110,4,2,2,1,1,1,1,1,1,1,1,1,1,3,3,3,1,1,1,1,1,1,1,1,1,1,2,1,1,1,1,1,1,1
4999,891178,481,405,297,110,4,2,2,1,1,1,1,1,1,1,1,1,1,3,3,3,1,1,1,1,1,1,1,1,1,1,2,1,1,1,1,1,1,1
5000,891178,482,515,398,110,4,2,2,1,1,1,1,1,1,1,1,1,1,3,3,3,1,1,1,1,1,1,1,1,1,1,2,1,1,1,1,1,1,1
5001,891919,483,67,414,40,4,2,2,1,1,1,1,1,1,1,1,1,1,1,1,1,1,1,1,1,1,1,1,1,1,1,2,1,1,1,1,1,1,1
5005,893538,484,346,237,271,4,2,2,2,1,2,2,2,2,2,2,2,2,1,1,1,1,1,1,1,1,1,1,1,1,1,2,1,1,1,1,1,1,1
5010,893949,485,256,158,187,5,2,2,1,1,3,3,2,3,1,1,1,1,1,1,1,1,1,1,1,1,3,1,1,1,1,2,1,1,1,1,1,1,1
5045,895812,486,274,245,129,4,2,2,3,1,1,1,1,1,1,1,1,1,1,1,1,1,1,1,1,1,1,1,1,1,1,2,1,1,1,1,1,1,1
5050,896841,487,433,307,30,4,2,2,1,1,1,1,1,1,1,1,1,1,1,1,1,1,1,1,1,1,1,1,1,1,1,2,1,1,1,1,1,1,1
5062,897723,488,115,69,262,4,2,2,1,1,1,1,1,1,1,1,1,1,1,1,1,1,1,1,1,1,1,1,1,1,1,2,1,1,1,1,1,1,1
5063,897723,489,341,228,262,4,2,2,1,1,3,1,1,3,1,1,1,1,1,1,1,1,1,1,1,1,1,1,1,1,1,2,1,1,1,1,1,1,1
5064,897723,490,349,236,262,4,2,2,1,1,3,3,2,3,1,1,1,1,1,1,1,1,1,1,1,1,1,1,1,1,1,2,1,1,1,1,1,1,1
5065,897723,491,360,243,262,4,2,2,1,1,3,3,2,3,1,1,1,1,1,1,1,1,1,1,1,1,1,1,1,1,1,2,1,1,1,1,1,1,1
5066,897723,492,495,374,262,4,2,2,1,1,3,3,2,3,1,1,1,1,1,1,1,1,1,1,1,1,1,1,1,1,1,2,1,1,1,1,1,1,1
5067,897723,493,530,415,262,4,2,2,1,1,3,3,2,3,1,1,1,1,1,1,1,1,1,1,1,1,1,1,1,1,1,2,1,1,1,1,1,1,1
5075,898173,494,283,177,214,18,2,1,1,1,1,1,1,1,1,1,1,1,1,1,1,1,1,1,1,1,1,1,1,1,1,2,1,1,1,1,1,1,1
5105,901219,495,175,114,152,4,2,1,1,1,1,1,1,1,1,1,1,1,1,1,1,1,1,1,3,1,1,1,1,1,1,2,1,1,1,1,1,1,1
5106,901219,496,298,178,152,4,2,1,1,1,1,1,1,1,1,1,1,1,1,1,1,1,1,1,3,1,1,1,1,1,1,2,1,1,1,1,1,1,1
5107,901219,497,346,234,152,4,2,1,1,1,1,1,1,1,1,1,1,1,1,1,1,1,1,1,3,1,1,1,1,1,1,2,1,1,1,1,1,1,1
5108,901219,498,482,360,152,4,2,1,1,1,1,1,1,1,1,1,1,1,1,1,1,1,1,1,3,1,1,1,1,1,1,2,1,1,1,1,1,1,1
5109,901219,499,508,386,152,4,2,1,1,1,1,1,1,1,1,1,1,1,1,1,1,1,1,1,3,1,1,1,1,1,1,2,1,1,1,1,1,1,1
5114,902274,500,23,335,175,4,2,2,1,1,1,1,1,1,1,1,1,1,1,1,1,1,1,1,1,1,1,1,1,1,1,2,1,1,1,1,1,1,1
5125,905895,501,241,145,148,26,2,2,1,1,3,2,1,1,1,1,1,1,1,1,1,1,1,1,1,1,1,1,1,1,1,2,1,1,1,1,1,1,1
5132,907254,502,401,294,263,14,2,2,1,1,1,1,1,1,1,1,1,1,1,1,1,1,1,1,1,1,1,1,1,1,1,2,1,1,1,1,1,1,1
5133,907254,503,454,326,263,14,2,2,1,1,1,1,1,1,1,1,1,1,1,1,1,1,1,1,1,1,1,1,1,1,1,2,1,1,1,1,1,1,1
5134,907254,504,539,420,263,14,2,2,1,1,1,1,1,1,1,1,1,1,1,1,1,1,1,1,1,1,1,1,1,1,1,2,1,1,1,1,1,1,1
5144,908440,505,186,317,181,4,2,2,1,1,1,1,1,1,1,1,1,1,1,1,1,1,1,1,1,1,1,1,1,1,1,2,1,1,1,1,1,1,1
5145,908440,506,356,317,181,4,2,2,1,1,1,1,1,1,1,1,1,1,1,1,1,1,1,1,1,1,1,1,1,1,1,2,1,1,1,1,1,1,1
5147,908652,507,350,302,169,4,2,1,1,1,1,1,1,1,1,1,1,1,1,1,1,1,1,1,1,1,1,1,1,1,1,2,1,1,1,1,1,1,1
5149,909413,508,91,83,136,4,2,2,1,1,1,1,1,1,1,1,1,1,1,1,1,1,1,1,1,1,1,3,1,1,1,2,1,3,3,4,4,1,1
5169,910638,509,407,293,2,4,2,2,1,1,1,1,1,1,1,1,1,1,1,1,1,1,1,1,3,1,1,1,1,1,1,2,1,1,1,1,1,1,1
5170,910638,510,428,309,2,4,2,2,1,1,1,1,1,1,1,1,1,1,1,1,1,1,1,1,3,1,1,1,1,1,1,2,1,1,1,1,1,1,1
5171,910638,511,522,405,2,4,2,2,1,1,1,1,1,1,1,1,1,1,1,1,1,1,1,1,3,1,1,1,1,1,1,2,1,1,1,1,1,1,1
5172,910638,512,540,422,2,4,2,2,1,1,1,1,1,1,1,1,1,1,1,1,1,1,1,1,3,1,1,1,1,1,1,2,1,1,1,1,1,1,1
5186,912242,513,203,115,178,14,2,2,1,1,3,3,1,1,1,1,1,1,1,1,1,1,1,1,1,1,4,3,1,1,1,2,1,1,1,1,1,1,1
5187,912242,514,225,129,178,14,2,2,1,1,3,3,1,1,1,1,1,1,1,1,1,1,1,1,1,1,4,3,1,1,1,2,1,1,1,1,1,1,1
5188,912242,516,378,259,178,14,2,2,1,1,3,3,3,1,1,1,1,1,1,1,1,1,1,1,1,1,4,3,1,1,1,2,1,1,1,1,1,1,1
5189,912242,515,374,255,178,14,2,2,1,1,3,3,3,1,1,1,1,1,1,1,1,1,1,1,1,1,4,3,1,1,1,2,1,1,1,1,1,1,1
5190,912242,517,488,367,178,14,2,2,1,1,3,3,3,1,1,1,1,1,1,1,1,1,1,1,1,1,4,3,1,1,1,2,1,1,1,1,1,1,1
5191,912242,517,488,367,178,14,2,2,1,1,3,3,3,1,1,1,1,1,1,1,1,1,1,1,1,1,4,3,1,1,1,2,1,1,1,1,1,1,1
5192,912242,518,550,430,178,14,2,2,1,1,3,3,3,1,1,1,1,1,1,1,1,1,1,1,1,1,3,2,1,1,1,2,1,1,1,1,1,1,1
5193,912242,519,552,435,178,14,2,2,1,1,3,3,2,1,1,1,1,1,1,1,1,1,1,1,1,1,3,3,1,1,1,2,1,1,1,1,1,1,1
5194,912242,519,552,435,178,14,2,2,1,1,3,3,2,1,1,1,1,1,1,1,1,1,1,1,1,1,3,3,1,1,1,2,1,1,1,1,1,1,1
5195,912242,520,553,436,178,14,2,2,1,1,3,3,2,1,1,1,1,1,1,1,1,1,1,1,1,1,3,3,1,1,1,2,1,1,1,1,1,1,1
5196,912242,521,556,440,178,14,2,2,1,1,3,3,2,1,1,1,1,1,1,1,1,1,1,1,1,1,3,3,1,1,1,2,1,1,1,1,1,1,1
5197,912242,522,566,452,178,14,2,2,1,1,3,3,2,1,1,1,1,1,1,1,1,1,1,1,1,1,3,3,1,1,1,2,1,1,1,1,1,1,1
5198,912263,523,347,410,288,4,2,2,1,1,1,1,1,1,1,1,1,1,1,1,1,1,1,1,1,1,1,1,1,1,1,2,1,1,1,1,1,1,1
5260,915778,524,279,343,99,4,2,2,1,1,1,1,1,1,1,1,1,1,1,1,1,1,1,1,1,1,1,1,1,1,1,2,1,1,1,1,1,1,1
5266,915913,525,80,296,9,34,2,1,1,1,1,1,1,1,1,1,1,1,2,1,1,1,1,1,1,1,1,1,1,1,1,2,1,1,1,1,1,1,1
5286,916863,526,370,253,329,37,2,2,1,1,1,1,1,1,1,1,1,1,1,1,1,1,1,1,1,1,1,1,1,1,1,2,1,1,1,1,1,1,1
5302,91767,527,59,4,272,29,2,2,1,1,1,1,1,1,1,1,1,1,1,1,1,1,1,1,3,1,1,1,1,1,1,2,1,1,1,1,1,1,1
5306,918160,528,218,124,7,4,2,2,1,1,1,1,1,1,1,1,1,1,1,1,1,1,1,1,1,1,1,1,1,1,1,2,1,1,1,1,1,1,1
5310,918386,529,47,412,242,4,2,2,1,1,1,1,1,1,1,1,1,1,1,1,1,1,1,1,1,1,1,1,1,1,1,2,1,1,1,1,1,1,1
5311,918386,529,47,412,242,4,2,2,1,1,1,1,1,1,1,1,1,1,1,1,1,1,1,1,1,1,1,1,1,1,1,2,1,1,1,1,1,1,1
5312,918386,530,58,412,242,4,2,2,1,1,3,2,1,3,1,1,1,1,1,1,1,1,1,1,1,1,1,1,1,1,1,2,1,1,1,1,1,1,1
5318,918999,531,150,66,101,4,2,2,1,1,1,1,1,1,1,1,1,1,1,1,1,1,1,1,3,1,1,1,1,1,1,2,1,1,1,1,1,1,1
5325,919623,532,87,177,244,20,2,2,1,1,1,1,1,1,1,1,1,1,1,1,1,1,1,1,1,1,1,1,1,1,1,2,1,1,1,1,1,1,1
5326,919623,533,156,177,244,20,2,2,1,1,1,1,1,1,1,1,1,1,1,1,1,1,1,1,1,1,1,1,1,1,1,2,1,1,1,1,1,1,1
5327,919623,534,257,177,244,20,2,2,1,1,1,1,1,1,1,1,1,1,1,1,1,1,1,1,1,1,1,1,1,1,1,2,1,1,1,1,1,1,1
5328,919623,535,293,177,244,20,2,2,2,1,3,3,1,1,1,1,1,1,1,1,1,1,1,1,1,1,3,1,1,1,1,2,1,1,1,1,1,1,1
5329,919623,536,395,280,244,20,2,2,2,1,3,3,1,1,1,1,1,1,1,1,1,1,1,1,1,1,3,1,1,1,1,2,1,1,1,1,1,1,1
5335,920052,537,177,94,249,4,2,2,1,1,1,3,2,2,1,1,1,1,1,1,1,1,1,1,1,1,1,1,1,1,1,2,1,1,1,1,1,1,1
5336,920052,538,180,94,249,4,2,2,1,1,1,3,2,2,1,1,1,1,1,1,1,1,1,1,1,1,1,1,1,1,1,2,1,1,1,1,1,1,1
5337,920052,539,275,169,249,4,2,2,1,1,1,3,2,2,1,1,1,1,1,1,1,1,1,1,1,1,1,1,1,1,1,2,1,1,1,1,1,1,1
5338,920052,540,412,299,249,4,2,2,1,1,1,3,2,2,1,1,1,1,1,1,1,1,1,1,1,1,1,1,1,1,1,2,1,1,1,1,1,1,1
5342,920354,541,202,107,202,13,2,2,1,1,3,3,2,3,1,1,1,1,1,1,1,1,1,1,1,1,1,1,1,1,1,2,1,1,1,1,1,1,1
5343,920354,542,297,184,202,13,2,2,1,1,3,3,2,3,1,1,1,1,1,1,1,1,1,1,1,1,1,1,1,1,1,2,1,1,1,1,1,1,1
5344,920354,543,338,219,202,13,2,2,1,1,3,3,2,3,1,1,1,1,1,1,1,1,1,1,1,1,1,1,1,1,1,2,1,1,1,1,1,1,1
5349,920527,544,106,116,240,5,2,2,2,1,3,1,1,3,2,2,2,2,1,1,1,1,1,1,1,1,1,1,1,1,1,2,1,1,1,1,1,1,1
5350,920527,545,358,241,240,5,2,2,2,1,3,1,1,3,2,2,2,2,1,1,1,1,1,1,1,1,1,1,1,1,1,2,1,1,1,1,1,1,1
5355,921112,546,165,87,176,14,2,4,1,1,1,1,1,1,1,1,1,1,1,1,1,1,1,1,1,1,1,1,1,1,1,1,1,3,3,3,3,3,3
5374,92122,547,56,2,274,4,2,2,1,1,2,2,1,2,2,2,1,1,1,1,1,1,1,1,1,1,1,1,1,1,1,2,1,1,1,1,1,1,1
5375,92122,548,509,387,274,4,2,2,1,1,2,2,1,2,2,2,1,1,1,1,1,1,1,1,1,3,1,1,1,1,1,2,1,1,1,1,1,1,1
5376,92122,549,561,445,274,4,2,2,1,1,2,2,1,2,2,2,1,1,1,1,1,1,1,1,1,3,1,1,1,1,1,2,1,1,1,1,1,1,1
5378,921500,550,235,136,78,31,2,2,1,1,1,1,1,1,1,1,1,1,1,1,1,1,1,1,1,1,1,1,1,1,1,2,1,1,1,1,1,1,1
5389,92230,1,172,108,33,20,2,1,2,1,3,2,1,3,2,2,2,2,2,1,1,2,1,1,3,3,3,2,2,2,2,2,1,1,1,1,1,1,1
5403,922621,551,513,391,111,27,2,2,3,2,1,1,1,1,1,1,1,1,3,1,2,3,1,2,1,1,1,1,1,1,1,2,1,1,1,1,1,1,1
5404,922621,551,513,391,111,27,2,2,3,2,1,1,1,1,1,1,1,1,3,1,2,3,1,2,1,1,1,1,1,1,1,2,1,1,1,1,1,1,1
5405,922621,551,513,391,111,27,2,2,3,2,1,1,1,1,1,1,1,1,3,1,2,3,1,2,1,1,1,1,1,1,1,2,1,1,1,1,1,1,1
5421,924822,552,142,252,196,30,2,2,1,1,1,1,1,1,1,1,1,1,1,1,1,1,1,1,1,1,1,1,1,1,1,2,1,1,1,1,1,1,1
5422,924822,553,366,252,196,30,2,2,1,1,1,1,1,1,1,1,1,1,1,1,1,1,1,1,1,1,1,1,1,1,1,2,1,1,1,1,1,1,1
5423,924822,1,232,252,196,30,2,2,1,1,1,1,1,1,1,1,1,1,1,1,1,1,1,1,2,1,3,1,1,1,1,2,1,1,1,1,1,1,1
5426,925548,554,179,101,286,4,2,2,1,1,1,1,1,1,1,1,1,1,1,1,1,1,1,1,1,1,1,1,1,1,1,2,1,1,1,1,1,1,1
5435,927066,555,204,112,95,4,2,2,1,1,1,1,1,1,1,1,1,1,1,1,1,1,1,1,1,1,1,1,1,1,1,2,1,1,1,1,1,1,1
5436,927066,556,332,221,95,4,2,2,1,1,1,1,1,1,1,1,1,1,1,1,1,1,1,1,1,1,1,1,1,1,1,2,1,1,1,1,1,1,1
5437,927066,557,469,348,95,4,2,2,1,1,1,1,1,1,1,1,1,1,1,1,1,1,1,1,1,1,1,1,1,1,1,2,1,1,1,1,1,1,1
5458,929428,558,305,191,216,25,2,2,1,1,1,1,1,1,1,1,1,1,1,1,1,1,1,1,1,1,1,1,1,1,1,2,1,1,1,1,1,1,1
5459,929470,559,242,146,305,4,2,2,1,1,1,3,2,1,1,1,1,1,1,1,1,1,1,1,1,1,1,1,1,1,1,2,1,1,1,1,1,1,1
5469,931148,560,369,253,132,4,2,2,1,1,1,1,1,1,1,1,1,1,1,1,1,1,1,1,1,1,1,1,1,1,1,2,1,1,1,1,1,1,1
5470,931148,561,391,277,132,4,2,2,1,1,1,1,1,1,1,1,1,1,1,1,1,1,1,1,1,1,1,1,1,1,1,2,1,1,1,1,1,1,1
5471,931148,562,514,395,132,4,2,2,1,1,1,1,1,1,1,1,1,1,1,1,1,1,1,1,1,1,1,1,1,1,1,2,1,1,1,1,1,1,1
5501,933974,563,386,394,43,4,2,1,1,1,1,1,1,1,1,1,1,1,1,1,1,1,1,1,1,1,1,1,1,1,1,2,1,1,1,1,1,1,1
5502,933974,564,436,394,43,4,2,1,1,1,1,1,1,1,1,1,1,1,1,1,1,1,1,1,1,1,1,1,1,1,1,2,1,1,1,1,1,1,1
5512,93456,565,91,47,278,25,2,2,3,1,1,1,1,1,1,1,1,1,1,1,1,1,1,1,1,1,1,1,1,1,1,2,1,1,1,1,1,1,1
5514,934612,1,1,380,45,4,3,1,1,1,1,1,1,1,1,1,1,1,1,1,1,1,1,1,1,1,1,1,1,1,1,2,1,3,3,4,4,1,1
5533,936395,566,131,68,61,4,2,2,1,1,1,1,1,1,1,1,1,1,3,3,3,3,3,2,3,1,2,1,1,1,1,2,1,1,1,1,1,1,1
5534,936395,567,205,197,61,4,2,2,1,1,1,1,1,1,1,1,1,1,3,3,3,3,3,2,3,1,2,1,1,1,1,2,1,1,1,1,1,1,1
5535,936395,568,342,230,61,4,2,2,1,1,1,1,1,1,1,1,1,1,3,3,3,3,3,2,3,1,2,1,1,1,1,2,1,1,1,1,1,1,1
5536,936395,569,459,333,61,4,2,2,1,1,1,1,1,1,1,1,1,1,3,3,3,3,3,2,3,1,2,1,1,1,1,2,1,1,1,1,1,1,1
5550,94049,570,44,399,280,4,2,2,1,1,1,3,1,1,1,1,1,1,1,1,1,1,1,1,1,1,1,1,1,1,1,2,1,1,1,1,1,1,1
5551,94049,571,270,167,280,4,2,2,1,1,1,3,1,1,1,1,1,1,1,1,1,1,1,1,1,1,1,1,1,1,1,2,1,1,1,1,1,1,1
5558,940944,572,431,308,94,5,2,2,1,1,1,3,2,1,1,1,1,1,1,1,1,1,1,1,1,1,1,1,1,1,1,2,1,1,1,1,1,1,1
5559,940944,573,545,434,94,5,2,2,1,1,1,3,2,1,1,1,1,1,1,1,1,1,1,1,1,1,1,1,1,1,1,2,1,1,1,1,1,1,1
5560,940944,574,557,441,94,5,2,2,1,1,1,3,2,1,1,1,1,1,1,1,1,1,1,1,1,1,1,1,1,1,1,2,1,1,1,1,1,1,1
5564,941548,575,215,123,80,4,2,2,2,1,1,1,1,1,1,1,1,1,1,1,1,1,1,1,1,1,1,1,1,1,1,2,1,1,1,1,1,1,1
5565,941548,576,448,322,49,4,2,2,2,1,1,1,1,1,1,1,1,1,1,1,1,1,1,1,1,1,1,1,1,1,1,2,1,1,1,1,1,1,1
5566,941548,577,477,354,49,4,2,2,2,1,1,1,1,1,1,1,1,1,1,1,1,1,1,1,1,1,1,1,1,1,1,2,1,1,1,1,1,1,1
5568,94328,578,95,35,281,31,2,2,1,1,1,1,1,1,1,1,1,1,1,1,1,1,1,1,1,1,1,1,1,1,1,2,1,1,1,1,1,1,1
5569,943452,579,516,397,326,4,2,2,1,1,1,1,1,1,1,1,1,1,1,1,1,1,1,1,1,1,1,1,1,1,1,2,1,1,1,1,1,1,1
5570,943452,580,539,421,326,4,2,2,1,1,1,1,1,1,1,1,1,1,1,1,1,1,1,1,1,1,1,1,1,1,1,2,1,1,1,1,1,1,1
5571,943452,581,564,450,326,4,2,2,1,1,1,1,1,1,1,1,1,1,1,1,1,1,1,1,1,1,1,1,1,1,1,2,1,1,1,1,1,1,1
5582,945436,582,318,202,282,4,2,2,1,1,1,1,1,1,1,1,1,1,1,1,1,1,1,1,1,1,1,1,1,1,1,2,1,1,1,1,1,1,1
5583,945436,583,379,263,282,4,2,2,1,1,1,1,1,1,1,1,1,1,1,1,1,1,1,1,1,1,1,1,1,1,1,2,1,1,1,1,1,1,1
5598,948545,584,193,102,289,4,2,2,1,1,1,1,1,1,1,1,1,1,1,1,1,1,1,1,1,1,1,1,1,1,1,2,1,1,1,1,1,1,1
5599,948545,585,247,148,289,4,2,2,1,1,1,1,1,1,1,1,1,1,1,1,1,1,1,1,1,1,1,1,1,1,1,2,1,1,1,1,1,1,1
5617,949157,586,393,275,54,4,2,2,1,1,1,1,1,1,1,1,1,1,1,1,1,1,1,1,1,1,1,1,1,1,1,2,1,1,1,1,1,1,1
5630,949536,587,132,55,26,4,2,2,1,1,1,1,1,1,1,1,1,1,1,1,1,1,1,1,1,1,1,1,1,1,1,2,1,1,1,1,1,1,1
5631,949536,587,132,55,26,4,2,2,1,1,1,1,1,1,1,1,1,1,1,1,1,1,1,1,1,1,1,1,1,1,1,2,1,1,1,1,1,1,1
5639,95301,588,11,220,270,4,2,2,1,1,1,1,1,1,1,1,1,1,1,1,1,1,1,1,1,1,1,1,1,1,1,2,1,1,1,1,1,1,1
5640,95301,589,19,220,270,4,2,2,1,1,1,1,1,1,1,1,1,1,1,1,1,1,1,1,1,1,1,1,1,1,1,2,1,1,1,1,1,1,1
5647,95521,590,62,12,283,4,2,2,2,1,3,2,1,3,2,2,2,2,2,1,1,2,1,1,2,3,1,1,2,2,2,2,1,1,1,1,1,1,1
5648,95521,591,378,258,283,4,2,2,2,1,3,2,1,3,2,2,2,2,2,1,1,2,1,1,2,3,1,1,2,2,2,2,1,1,1,1,1,1,1
5656,96223,592,373,284,174,24,2,2,1,1,1,1,1,1,1,1,1,1,1,1,1,1,1,1,1,1,1,2,1,1,1,2,1,1,1,1,1,1,1
5657,96223,593,382,270,174,24,2,2,1,1,1,1,1,1,1,1,1,1,1,1,1,1,1,1,1,1,1,2,1,1,1,2,1,1,1,1,1,1,1
5658,96223,594,405,301,174,24,2,2,2,1,3,3,2,3,1,1,1,1,1,1,1,3,3,2,1,1,1,2,1,1,1,2,1,1,1,1,1,1,1
5659,96223,595,428,319,174,24,2,2,2,1,2,3,2,3,1,1,1,1,1,1,1,3,3,2,1,1,1,2,1,1,1,2,1,1,1,1,1,1,1
5660,96223,596,466,347,174,24,2,2,2,1,2,3,2,3,1,1,1,1,1,1,1,3,3,2,1,1,1,2,1,1,1,2,1,1,1,1,1,1,1
5661,96223,597,534,417,174,24,2,2,2,1,2,3,2,3,1,1,1,1,1,1,1,3,3,2,1,1,1,2,1,1,1,2,1,1,1,1,1,1,1
5662,96223,598,535,417,174,24,2,2,2,1,2,3,2,3,1,1,1,1,1,1,1,3,3,2,1,1,1,2,1,1,1,2,1,1,1,1,1,1,1
5668,96289,599,315,203,256,4,2,2,1,1,1,1,1,1,1,1,1,1,1,1,1,1,1,1,1,1,1,1,1,1,1,2,1,1,1,1,1,1,1
5683,96879,600,3,235,292,26,2,2,1,1,1,1,1,1,1,1,1,1,1,1,1,1,1,1,1,1,1,1,1,1,1,2,1,3,3,2,2,2,2
5684,96879,600,3,235,292,26,2,2,1,1,1,1,1,1,1,1,1,1,1,1,1,1,1,1,1,1,1,1,1,1,1,2,1,3,3,2,2,2,2
5685,96879,601,6,235,292,26,2,2,1,1,1,1,1,1,1,1,1,1,1,1,1,1,1,1,1,1,1,1,1,1,1,2,1,3,3,2,2,2,2
5686,96879,602,9,235,292,26,2,2,1,1,3,1,1,3,1,1,1,1,1,1,1,1,1,1,1,1,1,1,1,1,1,1,1,3,3,2,2,2,2
5687,96879,603,26,235,292,26,2,2,1,1,3,1,1,3,1,1,1,1,1,1,1,1,1,1,1,1,1,1,1,1,1,1,1,3,3,2,2,2,2
5700,97210,604,139,80,294,13,2,2,1,1,1,1,1,1,1,1,1,1,1,1,1,1,1,1,1,1,1,1,1,1,1,2,1,1,1,1,1,1,1
5701,97210,605,320,205,294,13,2,2,1,1,1,1,1,1,1,1,1,1,1,1,1,1,1,1,1,1,1,1,1,1,1,2,1,1,1,1,1,1,1
5727,97886,606,14,264,299,4,2,2,1,1,3,2,1,3,3,1,1,1,1,1,1,1,1,1,1,1,1,1,1,1,1,2,1,1,1,1,1,1,1
5734,98362,607,122,50,301,25,2,1,1,1,1,1,1,1,1,1,1,1,1,1,1,1,1,1,1,1,1,1,1,1,1,2,1,1,1,1,1,1,1
5735,98362,608,504,392,301,25,2,1,1,1,1,1,1,1,1,1,1,1,3,3,2,3,3,2,3,1,3,1,1,1,1,2,1,3,3,1,1,2,2
